date,ChicagoFCI_model,GSFCI_model,NA_model,MXmUS,SAmUS,CHIFCI,GSFCI,MXUSmSAUS,USDMXN_ret,USDZAR_ret,USDMXNMA_deviation,USDZARMA_deviation
2005/4/1,0,0,1,0.04978104,0.038687253,0.004613,-0.04,1.941,-0.010257049,0.006126357,0.1746,0.317125
2005/4/8,1,0,0,0.006908605,0.004340551,0.0083866,0.01,1.965,-0.004550991,-0.016372897,0.034975,0.258625
2005/4/15,0,0,1,0.046505535,-0.032835965,0.0114216,0.15,2.385,-0.002806969,0.020031263,-0.033225,0.059925
2005/4/22,0,0,1,-0.006697127,-0.069349443,0.0106283,-0.1,2.62,-0.006123071,-0.038099382,-0.0659,0.1166
2005/4/29,0,0,1,0.009845621,0.036614807,0.0199621,-0.01,2.546,-0.002701952,0.005391738,-0.106525,-0.16915
2005/5/6,1,0,0,-0.019982841,-0.068340018,0.0150831,-0.01,2.682,-0.010217028,-0.010239899,-0.070825,-0.093975
2005/5/13,1,0,0,-0.021806953,0.068047995,0.0143196,0.11,2.3,0.004505815,0.048313726,-0.139,-0.111925
2005/5/20,0,1,0,-0.069661861,-0.011208197,0.0111746,-0.14,1.915,-0.006645239,0.030411191,-0.0295,0.221075
2005/5/27,0,0,1,0.024277194,0.000736396,0.0073154,-0.09,2.051,-0.008644174,0.004125355,-0.062325,0.407925
2005/6/3,0,1,0,0.010518946,-0.003521589,0.0004687,-0.22,2.126,-0.003716629,0.039948272,-0.115275,0.3191
2005/6/10,1,0,0,-0.05213174,-0.051032518,-0.0023141,0.06,2.011,-0.00029033,-0.01595504,-0.09805,0.472225
2005/6/17,1,0,0,0.013032161,0.012534045,-0.0055627,-0.1,2.039,-0.005432551,-0.018724079,-0.062375,0.16775
2005/6/24,1,0,0,-0.005701916,0.020201466,-0.0085757,0.07,1.933,-0.006365949,0.011829121,-0.068375,-0.052125
2005/7/1,0,0,1,-0.043009611,-0.037127714,-0.0081686,0.09,1.828,-0.004380714,0.021506523,-0.088375,0.010975
2005/7/8,1,0,0,-0.001775509,0.009611892,-0.0086075,-0.03,1.784,-0.000428761,0.001663336,-0.093025,0.127925
2005/7/15,1,0,0,-0.032683008,-0.035812138,-0.0062413,-0.08,1.737,-0.013267698,-0.03480107,-0.054125,0.141875
2005/7/22,1,0,0,0.024612615,-0.030282155,-0.0083384,-0.02,1.971,0.002113335,-0.002278163,-0.151375,-0.120375
2005/7/29,1,0,0,-0.031237148,-0.054197253,0.0002156,0,1.987,-0.006250889,-0.00757522,-0.06385,-0.13605
2005/8/5,1,0,0,0.02332941,-0.065126905,-0.0009368,0.05,2.316,9.44E-06,-0.018649989,-0.087625,-0.16245
2005/8/12,1,0,0,-0.045538543,0.065111141,0.0029145,-0.1,1.88,0.002001051,-0.017996849,-0.039725,-0.212325
2005/8/19,0,0,1,-0.006381255,0.02284942,0.0037921,0.11,1.775,0.010388551,0.029327433,0.028,-0.2229
2005/8/26,0,0,1,-0.06304927,0.007343904,0.0063097,0.03,1.434,0.005833188,-0.011505415,0.145,0.041275
2005/9/2,1,0,0,0.061647179,0.06970076,0.0050736,-0.14,1.496,-0.017726574,-0.035657174,0.193725,-0.009225
2005/9/9,1,0,0,-0.05275046,0.012290407,0.0055943,-0.03,1.189,9.37E-05,0.008992222,-0.0465,-0.205825
2005/9/16,1,0,0,0.025385638,0.016986394,0.0043106,0.14,1.249,0.013673313,0.008592269,-0.048,-0.09275
2005/9/23,0,0,1,-0.083738064,-0.029333555,0.0017394,0.12,0.948,-0.001351729,0.000345082,0.10225,-0.024725
2005/9/30,1,0,0,-0.055072659,-0.031732443,0.0021275,-0.02,0.814,-0.009180793,-0.002165318,0.081725,0.0245
2005/10/7,0,0,1,0.021844026,0.020011199,-0.0006512,0.15,0.838,0.002144738,0.023995133,-0.0022,0.03885
2005/10/14,0,0,1,0.008443824,-0.011470673,-0.0014394,0.15,0.914,0.007774743,0.004172755,0.01105,0.168775
2005/10/21,0,1,0,-0.019814084,0.06024026,-0.0054762,0.03,0.622,-0.002762845,0.007366096,0.080875,0.1467
2005/10/28,1,0,0,-0.040782228,-0.068726912,-0.0012993,-0.02,0.698,-0.005727081,0.012936752,0.052125,0.15275
2005/11/4,0,0,1,-0.020166335,-0.050383352,-0.0041763,0.01,0.786,-0.007525125,-0.001672416,-0.005275,0.18465
2005/11/11,1,0,0,-0.0270162,-0.005268244,-0.0020913,-0.07,0.695,-0.008062132,0.008048184,-0.09235,0.09405
2005/11/18,1,0,0,-0.023777663,-0.002005641,-0.0029351,-0.06,0.609,-0.002376907,-0.012907059,-0.158225,0.1104
2005/11/25,1,0,0,0.000632644,0.061985807,8.77E-05,-0.1,0.414,-0.00606272,-0.023865743,-0.1198,-0.020725
2005/12/2,1,0,0,-0.030742887,-0.05313424,0.0004359,0.03,0.477,-0.01401545,-0.02594641,-0.120925,-0.1888
2005/12/9,1,0,0,-0.06017449,0.004871499,0.0008486,0.04,0.24,0.015449287,0.003676532,-0.2049,-0.30555
2005/12/16,0,1,0,-0.01538506,0.012368315,0.0006613,-0.09,0.147,0.008558219,0.006374822,0.037925,-0.19325
2005/12/23,1,0,0,-0.005198696,0.011756761,-0.0013048,-0.01,0.091,-0.006141406,-0.012847807,0.147125,-0.056275
2005/12/30,1,0,0,-0.00342486,-0.014745146,-4.45E-05,0.08,0.128,-0.005812707,-0.003046401,0.07145,-0.07315
2006/1/6,1,0,0,-0.010902412,0.015150582,-0.0005083,-0.21,0.042,-0.007631301,-0.041982709,-0.00135,-0.046525
2006/1/13,1,0,0,-0.022045169,-0.178547594,-0.0010242,-0.02,0.557,-0.000805065,-0.006029837,-0.114975,-0.297775
2006/1/20,1,0,0,-0.063124043,0.008825702,-0.0051251,0.11,0.327,-0.00233661,-0.006230032,-0.095425,-0.2542
2006/1/27,0,0,1,-0.049527608,-0.007869981,-0.0003283,-0.02,0.197,-0.010356712,0.022775226,-0.0666,-0.192325
2006/2/3,0,0,1,-0.002270069,-0.026416765,-0.0040022,0.08,0.262,0.003679584,-0.00882676,-0.1322,0.03435
2006/2/10,1,0,0,-0.036541644,-0.076928907,-0.0032575,0.04,0.359,0.001038714,0.006607593,-0.040025,0.02955
2006/2/17,0,0,1,-0.04622871,-0.059610805,-0.0043498,-0.1,0.375,-0.007279777,-0.01944652,-0.0043,0.067425
2006/2/24,0,1,0,-0.015643758,-0.004671265,-0.0035199,-0.01,0.344,0.003883091,0.013376306,-0.060425,-0.07245
2006/3/3,0,1,0,-0.025648843,0.008202114,-0.0052628,0.04,0.258,0.009490399,0.010944022,0.01355,0.0071
2006/3/10,1,0,0,0.073496049,0.035195336,-0.0050588,0.15,0.365,0.008876827,0.010915873,0.109575,0.0871
2006/3/17,0,0,1,-0.034468938,-0.014120614,-0.0058052,-0.18,0.304,-0.001048385,-0.005939022,0.186225,0.137475
2006/3/24,1,0,0,0.026491566,0.008610768,-0.0084193,0.08,0.354,0.01682264,0.006943303,0.135525,0.075825
2006/3/31,0,0,1,-0.036101614,-0.0009298,-0.0071334,0.13,0.258,-0.000322,-0.014073979,0.2609,0.0742
2006/4/7,1,0,0,0.060986308,-0.033038623,-0.0072255,0.05,0.496,0.024122731,-0.007736479,0.166225,-0.04885
2006/4/14,1,0,0,-0.057336976,-0.039154782,-0.0062051,0.08,0.426,-0.004915252,-0.001893662,0.36635,-0.09365
2006/4/21,0,0,1,-0.083361934,0.005645859,-0.0067176,-0.16,0.195,-0.004642433,-0.024470098,0.203775,-0.0734
2006/4/28,0,1,0,-0.036194201,0.0090551,0.0009273,-0.06,0.088,0.000298541,0.004223818,0.05495,-0.195675
2006/5/5,1,0,0,-0.048948936,-0.00735855,0.0008335,-0.09,-0.009,-0.009517361,0.009397833,0.01895,-0.096925
2006/5/12,1,0,0,0.039849317,0.034715002,0.005248,0.17,0.002,0.012062752,0.036464228,-0.127475,0.00495
2006/5/19,1,0,0,0.020164986,0.070857542,0.0078732,0.1,-0.114,0.008173957,0.029119679,0.05615,0.249325
2006/5/26,1,0,0,-0.018696787,-0.019459063,0.01157,-0.02,-0.11,-0.007171677,0.006889791,0.1513,0.395575
2006/6/2,1,0,0,0.017614231,0.028873357,0.0110933,-0.06,-0.139,0.016970658,0.021415912,0.0397,0.317375
2006/6/9,1,0,0,-0.05017138,0.1374444,0.0110559,0.19,-0.596,0.006643079,0.013341274,0.220275,0.33055
2006/6/16,0,0,1,-0.025666471,-0.035159444,0.0103729,0.11,-0.554,0.003974101,0.017513326,0.2122,0.271225
2006/6/23,0,0,1,-0.1,0.178334562,0.0073019,0.12,-1.254,-0.003629016,0.0750763,0.189025,0.27565
2006/6/30,0,1,0,0.034567901,0.063852408,0.0060763,-0.18,-1.391,-0.005825513,-0.035092282,0.090425,0.714475
2006/7/7,1,0,0,-0.067372713,-0.030421492,0.001655,-0.02,-1.423,-0.030493462,-0.005114815,-0.0439,0.236975
2006/7/14,1,0,0,0.038812177,0.019037803,-0.0008796,0.15,-1.413,-0.003098329,0.008825863,-0.390475,0.0778
2006/7/21,1,0,0,0.011290736,-0.039863156,-0.004206,-0.02,-1.257,-3.88E-05,-0.023430401,-0.324225,0.050125
2006/7/28,0,0,1,0.049429079,0.101130906,-0.0039497,-0.18,-1.486,-0.011616155,-0.024679835,-0.203975,-0.19375
2006/8/4,1,0,0,0.0170221,-0.019359014,-0.0069501,-0.05,-1.382,0.003510868,-0.008149481,-0.22015,-0.2662
2006/8/11,0,0,1,-0.041415054,0.01890907,-0.0062518,0.1,-1.535,-0.008924383,-0.004495248,-0.056075,-0.24395
2006/8/18,0,0,1,0.062748016,0.040411152,-0.005601,-0.19,-1.552,0.000253137,0.033117335,-0.122125,-0.19195
2006/8/25,1,0,0,0.010688448,0.050859386,-0.004291,0.02,-1.717,0.014284779,0.021609146,-0.073,0.14305
2006/9/1,0,0,1,0.027569964,0.052467546,-0.0012435,-0.1,-1.861,-0.009043228,0.002752219,0.128375,0.304425
2006/9/8,0,0,1,-0.02422363,0.005163848,0.0005158,0.12,-1.936,0.011056413,0.024396468,0.004625,0.2503
2006/9/15,1,0,0,-0.025239499,-0.029898714,0.0014875,-0.07,-1.868,-0.006322604,-0.002357693,0.134625,0.33535
2006/9/22,0,0,1,0.086845587,0.03056922,0.0010569,-0.07,-1.806,0.009179903,0.038046621,0.02005,0.1731
2006/9/29,1,0,0,0.26732458,0.009960547,0.0016539,-0.04,-1.232,-0.005466264,0.014878972,0.093725,0.3761
2006/10/6,1,0,0,-0.062570752,0.019194136,-0.0009624,0.01,-1.494,0.007188755,0.00470384,0.02035,0.374725
2006/10/13,0,0,1,-0.009404618,-0.079423664,-0.0045712,0.01,-1.184,-0.020137625,-0.045024102,0.0774,0.27185
2006/10/20,1,0,0,-0.031510898,0.041043434,-0.0049413,-0.06,-1.429,-0.001441445,0.007069143,-0.156175,-0.1772
2006/10/27,1,0,0,0.015943853,-0.011899178,-0.0096794,-0.12,-1.339,-0.010836842,-0.017831221,-0.146925,-0.1472
2006/11/3,0,0,1,-0.059508166,-0.029356652,-0.0081468,0.06,-1.38,0.005508308,-0.00381097,-0.20965,-0.245275
2006/11/10,0,0,1,-0.006307385,-0.006126126,-0.0060472,-0.11,-1.372,0.012360844,-0.023134921,-0.082275,-0.176775
2006/11/17,0,0,1,0.012815362,0.023282917,-0.0037358,-0.04,-1.43,0.001469473,0.006786607,0.12455,-0.232775
2006/11/24,0,0,1,-0.026139384,-0.006555137,-0.0002798,-0.07,-1.47,0.006211653,-0.016568459,0.124675,-0.114275
2006/12/1,0,0,1,0.080645161,0.113370019,0.0025317,-0.03,-1.717,0.00042924,0.009986957,0.1701,-0.163275
2006/12/8,0,0,1,-0.129805518,-0.025719647,0.0055471,0.01,-1.949,-0.017570752,-0.021838953,0.1064,-0.0242
2006/12/15,1,0,0,0.059857935,-0.022734746,0.0050646,0.01,-1.714,-0.005757349,-0.01256396,-0.141225,-0.13845
2006/12/22,0,0,1,-0.001021659,-0.019105984,0.0043532,0.09,-1.637,0.007898749,0.006630079,-0.178075,-0.187275
2006/12/29,0,1,0,-0.030067498,-0.021928213,-0.0001091,0,-1.621,-0.006226207,-0.008080737,-0.04775,-0.066775
2007/1/5,1,0,0,0.045803458,0.006913828,-0.0029105,0.05,-1.54,0.011399973,0.036590388,-0.073925,-0.091775
2007/1/12,1,0,0,-0.002177771,-0.011792218,-0.0080568,0,-1.498,0.0026831,-0.00796564,0.10895,0.233225
2007/1/19,0,1,0,0.030757417,-0.001988822,-0.0080325,-0.01,-1.414,-0.005999537,-0.008400839,0.1187,0.134675
2007/1/26,1,0,0,0.042896914,-0.044799839,-0.0155405,0.11,-1.127,0.014104401,0.012634784,0.010525,0.0258
2007/2/2,0,0,1,-0.07775313,-0.004700663,-0.0111017,-0.13,-1.316,-0.009180744,-0.010953133,0.160675,0.095475
2007/2/9,1,0,0,-0.040034245,0.022234604,-0.0078399,0.01,-1.498,0.002588591,-0.000514915,-0.0008,-0.04215
2007/2/16,0,1,0,0.039453009,0.029823241,-0.0031801,-0.13,-1.52,-0.000195374,-0.005076153,0.023225,-0.0194
2007/2/23,1,0,0,0.050539304,-0.141722956,0.0028104,0.02,-0.834,0.003307337,-0.014068887,0.01685,-0.04265
2007/3/2,0,0,1,0.174814296,0.124071301,0.008157,0.19,-0.807,0.015723185,0.048024704,0.0333,-0.13545
2007/3/9,1,0,0,-0.05789857,-0.023224829,0.013535,-0.02,-0.893,-0.006957415,-0.009415436,0.218275,0.2668
2007/3/16,0,0,1,0.017393443,0.020193105,0.0136144,0.05,-0.919,0.003348779,0.017326549,0.08145,0.1456
2007/3/23,1,0,0,-0.047385508,0.012269295,0.0142501,-0.14,-1.103,-0.015398873,-0.038729803,0.08635,0.238775
2007/3/30,0,0,1,-0.006018418,0.042059463,0.0091436,0.06,-1.282,0.002544681,0.007051045,-0.1274,-0.1221
2007/4/6,1,0,0,-0.051721622,-0.056118898,0.0078004,-0.04,-1.198,-0.007321249,-0.019826857,-0.091175,-0.1018
2007/4/13,0,1,0,0.000807754,-0.011296013,0.0019161,-0.06,-1.153,0.002265829,0.006977829,-0.1263,-0.201175
2007/4/20,0,1,0,0.044851839,0.013768676,0.003945,-0.18,-1.088,-0.001965334,-0.019119429,-0.054875,-0.089575
2007/4/27,1,0,0,0.030346502,-0.011690222,-0.0063214,-0.01,-0.961,-0.006136893,-0.000922241,-0.0265,-0.14345
2007/5/4,0,0,1,0.033344043,-0.017702879,-0.0029923,-0.08,-0.801,-0.004000446,-0.018121157,-0.08115,-0.1059
2007/5/11,0,1,0,-0.027224046,-0.008063861,-0.0035876,0.03,-0.85,-0.00800927,0.000836832,-0.08865,-0.1742
2007/5/18,0,1,0,-0.027524239,-0.00340999,-0.0029057,-0.03,-0.915,-0.000194498,0.010023098,-0.14855,-0.113625
2007/5/25,1,0,0,-0.011869111,0.022309208,-0.0013232,0.05,-1.029,-0.001728264,0.00892806,-0.09535,0.021775
2007/6/1,1,0,0,-0.056990797,0.05430155,0.0006938,-0.07,-1.386,-0.007038433,0.00039529,-0.064025,0.09935
2007/6/8,0,0,1,0.014070155,0.059657143,0.003322,0.22,-1.585,0.017759663,0.016672648,-0.101075,0.0993
2007/6/15,1,0,0,-0.037334776,-0.002540504,0.0058252,-0.05,-1.671,-0.012922806,-0.010659522,0.136525,0.1838
2007/6/22,0,0,1,0.064959049,0.063386035,0.0103669,0.1,-1.773,0.005857467,0.000867424,-0.028225,0.0443
2007/6/29,0,0,1,-0.001809545,0.038909978,0.0144025,-0.05,-1.95,-0.003510915,-0.016923166,0.045425,0.024125
2007/7/6,0,1,0,-0.049588337,-0.05443908,0.0232029,-0.06,-1.831,-0.004014189,-0.008899343,-0.002675,-0.108625
2007/7/13,0,1,0,0.029962249,0.016193214,0.0316763,-0.12,-1.826,-0.001179985,-0.005036348,-0.06515,-0.152975
2007/7/20,1,0,0,0.05046491,0.04318794,0.0492552,0.01,-1.886,0.002654294,-0.01012612,-0.038075,-0.12505
2007/7/27,1,0,0,0.12575752,0.106841409,0.0561849,0.3,-2.036,0.019683358,0.02992293,-0.001675,-0.142375
2007/8/3,1,0,0,0.031385599,0.026700124,0.0754225,0.04,-2.076,-0.001635571,0.001616134,0.22955,0.139625
2007/8/10,1,0,0,0.002372442,-0.019953029,0.0820406,0.01,-1.964,1.89E-05,0.005791279,0.164525,0.140875
2007/8/17,0,0,1,0.082239334,0.048238778,0.0851617,0.06,-1.951,0.006846493,0.021207568,0.1112,0.1531
2007/8/24,0,1,0,-0.049804631,-0.038621664,0.0799112,-0.17,-1.914,-0.007273257,-0.024322969,0.13055,0.259975
2007/8/31,1,0,0,0.04523415,0.056335305,0.0650991,0,-2.058,0.001786561,-0.00375985,-0.01765,-0.019575
2007/9/7,0,0,1,0.078449794,0.048718887,0.0393593,0.01,-2.057,0.009781026,0.014293995,0.0079,-0.054575
2007/9/14,0,1,0,-0.03291408,-0.045879725,0.0165496,-0.12,-1.915,-0.002116913,-0.015779858,0.11085,0.04905
2007/9/21,1,0,0,0.007319202,-0.01134015,-0.0080537,-0.17,-1.827,-0.015255449,-0.021934767,0.057275,-0.078275
2007/9/28,1,0,0,0.021574491,-0.020313396,-0.0298307,-0.06,-1.64,-0.002566894,-0.019793771,-0.116225,-0.179775
2007/10/5,1,0,0,-0.017179592,-0.029987725,-0.0386378,-0.1,-1.544,-0.008200973,-0.010080037,-0.12765,-0.26835
2007/10/12,0,1,0,-0.057199321,0.026184126,-0.0386001,-0.02,-1.884,-0.004467042,-0.006602922,-0.18795,-0.261425
2007/10/19,1,0,0,0.134919698,0.101115496,-0.0231112,0.09,-1.96,0.001393233,0.004921763,-0.159425,-0.18705
2007/10/26,0,0,1,0.005592841,-0.007322284,-0.0123557,-0.15,-1.896,-0.009130543,-0.047759858,-0.06085,-0.051725
2007/11/2,0,1,0,0.040147968,0.036655848,0.0177186,0.01,-1.952,-0.004355271,0.008259381,-0.121025,-0.31515
2007/11/9,1,0,0,0.080006964,0.061059117,0.038853,0.18,-1.995,0.017869959,0.00859104,-0.112775,-0.16145
2007/11/16,1,0,0,0.032031502,0.042145292,0.0621656,0.04,-2.123,0.003302378,0.012601805,0.124975,-0.035825
2007/11/23,0,0,1,0.065533168,0.039774706,0.0714972,0.06,-2.092,0.003393465,0.016966202,0.14505,0.0918
2007/11/30,0,1,0,0.000816686,0.012071526,0.0781024,-0.1,-2.171,-0.005322748,-0.006029108,0.1613,0.23805
2007/12/7,1,0,0,-0.028100349,-0.015150425,0.0675559,0.04,-2.2,-0.00945621,-0.016957096,0.04825,0.119725
2007/12/14,0,0,1,-0.039311087,-0.030328707,0.0552269,0.22,-2.175,0.000914964,0.026811652,-0.106075,-0.047525
2007/12/21,0,1,0,0.031418071,0.017506855,0.036185,-0.13,-2.151,-0.001856979,0.018723853,-0.07355,0.12535
2007/12/28,1,0,0,0.023790901,0.012956053,0.0162198,-0.03,-2.129,0.007090747,-0.032549412,-0.064725,0.2219
2008/1/4,1,0,0,0.082956644,0.052608499,-0.0015898,0.16,-2.098,0.001536202,0.007546323,0.05225,-0.042725
2008/1/11,1,0,0,0.028591025,0.026787946,-0.0082725,0.1,-2.145,0.001142356,-0.017897865,0.0766,0.015225
2008/1/18,1,0,0,0.02152832,0.027725558,-0.0060727,0.27,-2.237,-0.004134827,0.040975856,0.07055,-0.1416
2008/1/25,1,0,0,-0.01598314,0.02162155,-0.010471,-0.07,-2.487,-0.001179107,0.012600234,0.0059,0.1826
2008/2/1,1,0,0,0.006500891,0.014594497,0.0132276,-0.28,-2.566,-0.008803363,0.027424678,-0.019925,0.276675
2008/2/8,0,0,1,-0.004199228,0.018625024,0.0219411,0.32,-2.735,-0.005040621,0.055097868,-0.107925,0.402175
2008/2/15,1,0,0,0.007847661,0.001308705,0.0449934,0,-2.704,-0.000755421,-0.016519244,-0.126675,0.708475
2008/2/22,0,0,1,0.011520348,-0.013144628,0.0592388,-0.03,-2.537,0.000529805,0.005990493,-0.0842,0.3353
2008/2/29,1,0,0,0.063085456,0.050592197,0.0724354,-0.05,-2.598,-0.006352176,0.011371067,-0.034275,0.2373
2008/3/7,0,0,1,0.005234506,0.012005955,0.0720042,0.17,-2.668,0.009120191,0.023077753,-0.0626,0.1923
2008/3/14,0,0,1,0.00956398,0.004401367,0.073262,-0.07,-2.65,-0.006021419,-0.012968789,0.0688,0.2696
2008/3/21,0,1,0,-0.022540103,-0.013831308,0.0527046,-0.17,-2.664,-0.004809903,0.028001755,-0.000475,0.119475
2008/3/28,0,0,1,-0.005540702,-0.006048484,0.0305142,0.09,-2.645,-0.004011485,-0.00511554,-0.042575,0.29285
2008/4/4,1,0,0,-0.025505421,-0.020268235,-0.0047444,-0.22,-2.621,-0.013015061,-0.035040008,-0.06215,0.153025
2008/4/11,1,0,0,0.025192849,0.008953939,-0.0306522,0.11,-2.555,-0.003877606,-0.008531528,-0.1856,-0.1936
2008/4/18,1,0,0,-0.041375281,-0.047261468,-0.0466489,-0.13,-2.401,-0.005762657,-0.006220561,-0.15335,-0.21015
2008/4/25,1,0,0,-0.019650574,-0.03651671,-0.0749536,0.01,-2.222,-0.002733068,-0.023498079,-0.147,-0.21795
2008/5/2,0,0,1,-0.00139407,-0.004568272,-0.0758426,-0.11,-2.195,-0.000929983,-0.006202897,-0.105675,-0.289275
2008/5/9,1,0,0,0.047181558,0.02802903,-0.0729082,0.07,-2.155,0.008503295,0.018229723,-0.048375,-0.19165
2008/5/16,1,0,0,-0.025491362,0.04756096,-0.0566155,-0.13,-2.663,-0.016896166,-0.036092837,0.07755,0.0336
2008/5/23,1,0,0,0.010056568,0.033496853,-0.0368538,0.13,-2.879,-0.001797492,0.025534201,-0.09625,-0.2059
2008/5/30,0,1,0,-0.045554376,0.069053555,-0.0103204,0,-3.704,-0.006769379,-0.011022641,-0.0824,0.07885
2008/6/6,0,0,1,0.068975436,0.032481584,0.0132695,0.1,-3.634,0.002591702,0.032488815,-0.123975,-0.0082
2008/6/13,0,0,1,-0.051878162,-0.066589927,0.0347721,0.14,-3.31,-0.00170563,0.027032397,-0.0542,0.2506
2008/6/20,0,0,1,-0.002100125,0.013483957,0.0470951,0.09,-3.437,-0.009518373,-0.016141818,-0.011925,0.44615
2008/6/27,1,0,0,0.119428171,0.045676305,0.049954,0.08,-3.205,0.001012193,-0.011528666,-0.089875,0.173075
2008/7/4,0,0,1,0.011551099,-0.002942081,0.0418844,0.1,-3.11,0.00310606,-0.025283791,-0.038525,0.0187
2008/7/11,0,0,1,-0.0066305,-0.020435127,0.0306441,0.04,-2.964,-0.00525598,-0.011355998,0.012275,-0.240625
2008/7/18,0,0,1,-0.00884911,-0.074464976,0.017604,-0.02,-2.354,-0.012074076,-0.008865981,-0.02425,-0.27735
2008/7/25,1,0,0,-0.018009285,-0.03399196,-0.0150217,0.05,-2.18,-0.00880444,-0.003503969,-0.120075,-0.2192
2008/8/1,0,1,0,0.04552854,-0.042379061,-0.0242796,-0.02,-1.58,-0.017328242,-0.052122017,-0.17515,-0.13475
2008/8/8,0,1,0,-0.002087026,0.002546834,-0.0256146,0.01,-1.612,0.020933775,0.067398826,-0.28965,-0.42665
2008/8/15,1,0,0,-0.003718027,-0.023098983,-0.017006,0.02,-1.458,0.001777425,0.015224391,0.031225,0.21855
2008/8/22,0,1,0,-0.005864419,0.003458306,0.0042665,0.01,-1.519,-0.005241265,-0.026690911,0.094425,0.3321
2008/8/29,1,0,0,-0.007708937,-0.011487958,0.0473482,0.09,-1.479,0.012849763,0.001639771,0.050525,0.072475
2008/9/5,1,0,0,0.002398203,0.040837286,0.0871563,0.21,-1.767,0.015673551,0.030989925,0.180975,0.077975
2008/9/12,1,0,0,0.021077283,-0.007387404,0.1377747,0.01,-1.585,0.011512837,0.00184466,0.26795,0.213975
2008/9/19,1,0,0,-0.00499967,-0.012334214,0.1802089,0.02,-1.521,0.005234283,-0.010655596,0.3244,0.18765
2008/9/26,1,0,0,-0.020281587,-0.019109799,0.2232421,0.26,-1.499,0.011063683,0.018886185,0.286425,0.086225
2008/10/3,1,0,0,0.073292935,0.072770967,0.2194188,0.77,-1.605,0.041015179,0.04721749,0.28695,0.19045
2008/10/10,0,0,1,0.001103962,-0.036119711,0.2228125,1.43,-1.311,0.150090221,0.107771291,0.62985,0.499675
2008/10/17,1,0,0,0.017391852,0.032302711,0.2015124,-0.05,-1.448,-0.018902577,0.053849321,2.26905,1.3481
2008/10/24,0,0,1,0.173051315,0.15792669,0.1633234,0.65,-1.579,0.03543566,0.10764004,1.427425,1.521775
2008/10/31,0,0,1,-0.126296893,-0.111504347,0.1245844,-0.46,-1.515,-0.045212015,-0.135673666,1.38125,2.161025
2008/11/7,1,0,0,0.033570026,-0.04275879,0.1050486,0.04,-0.945,-0.003366047,0.036937158,0.17375,-0.006525
2008/11/14,1,0,0,0.064637783,0.034830855,0.0757194,0.42,-0.774,0.018100515,-0.006115021,-0.242975,0.06075
2008/11/21,0,0,1,0.007139523,-0.089731179,0.061886,0.44,0.001,0.046463985,0.031077594,0.089325,-0.1531
2008/11/28,1,0,0,-0.021280366,0.003803992,0.0604461,-0.67,-0.183,-0.020715125,-0.043729958,0.7017,0.160925
2008/12/5,1,0,0,-0.043555778,-0.044238893,0.0173806,0.07,-0.17,0.007775289,0.022968035,0.36245,-0.089075
2008/12/12,1,0,0,-0.00224274,0.001932752,-0.0029372,-0.16,-0.199,0.000676401,-0.020529529,0.33485,0.098425
2008/12/19,1,0,0,-0.045247548,-0.072480213,-0.0362155,-0.5,0.002,-0.039278109,-0.041137476,0.1713,-0.121925
2008/12/26,0,0,1,-0.0186663,-0.003991314,-0.0677326,0.09,-0.094,0.01969598,-0.004138661,-0.456875,-0.5037
2009/1/2,0,0,1,0.003505164,-0.000997989,-0.1021998,-0.24,-0.065,0.021207161,-0.044560317,-0.02,-0.3367
2009/1/9,0,0,1,-0.020383135,0.032382504,-0.0986402,0.19,-0.407,-0.012047896,0.049675204,0.306475,-0.65315
2009/1/16,0,0,1,-0.050599813,-0.005106218,-0.1123925,0.26,-0.692,0.019381085,0.01181515,0.1253,0.0901
2009/1/23,1,0,0,-0.036805208,-0.051997606,-0.0926798,0.3,-0.565,0.006678172,0.023588927,0.4208,0.306575
2009/1/30,1,0,0,-0.004471016,-0.055370531,-0.0689549,0.09,-0.24,0.019784806,-0.00316858,0.3453,0.512425
2009/2/6,0,0,1,-0.003620729,-0.031212926,-0.0456096,-0.24,-0.074,-0.01111835,-0.06588065,0.502975,0.378275
2009/2/13,0,0,1,0.010499834,-0.005846945,-0.0205463,0.26,0.02,0.023471754,0.035719916,0.225025,-0.473025
2009/2/20,0,0,1,0.019847856,0.015579459,0.0050075,0.41,0.045,0.013339353,0.016289899,0.440275,-0.045175
2009/2/27,0,0,1,0.032904998,0.012316786,0.0180639,0.39,0.167,0.030258655,-0.002413859,0.497675,0.14145
2009/3/6,1,0,0,0.005760804,-0.024620733,0.0145826,0.39,0.348,-0.005468217,0.033189919,0.78805,0.159825
2009/3/13,1,0,0,-0.055776762,-0.012768166,0.0081021,-0.49,0.08,-0.046692647,-0.050738427,0.496825,0.5426
2009/3/20,0,0,1,-0.040959524,-0.004731695,-0.0195076,-0.25,-0.13,-0.025842239,-0.0412187,-0.424175,-0.18315
2009/3/27,1,0,0,-0.041231168,0.049514016,-0.0446057,-0.23,-0.64,0.011044687,-0.002702972,-0.765975,-0.578875
2009/4/3,1,0,0,-0.068998572,-0.034074894,-0.0728175,-0.22,-0.804,-0.057866996,-0.05924014,-0.437725,-0.4562
2009/4/10,1,0,0,-0.013284073,-0.014034356,-0.088494,-0.07,-0.789,-0.03463832,-0.001713929,-0.99885,-0.85865
2009/4/17,1,0,0,-0.049677749,-0.044182154,-0.1072356,-0.16,-0.781,-0.000266881,-0.01557305,-1.0341,-0.49955
2009/4/24,0,0,1,-0.01543695,0.001345449,-0.1038246,-0.03,-0.86,0.014842158,-0.026093665,-0.670625,-0.39165
2009/5/1,1,0,0,-0.008703258,0.009239831,-0.1039963,-0.07,-0.95,0.031091972,-0.020670923,-0.197575,-0.440175
2009/5/8,0,0,1,-0.05393541,-0.013222206,-0.0962396,-0.46,-1.122,-0.056978629,-0.034383592,0.492375,-0.386975
2009/5/15,1,0,0,0.035581878,0.02376772,-0.0842971,0.23,-1.098,0.016265595,0.049830611,-0.309275,-0.537175
2009/5/22,1,0,0,-0.031387206,-0.005849115,-0.0638697,-0.15,-1.205,-0.006467627,-0.052372306,-0.059725,0.09385
2009/5/29,0,0,1,-0.008949534,-0.005720097,-0.0542739,-0.23,-1.212,-0.004092382,-0.043554624,-0.162975,-0.28285
2009/6/5,1,0,0,-0.080616409,-0.068981262,-0.0359595,-0.13,-1.178,0.009961172,0.013549987,-0.164375,-0.515725
2009/6/12,1,0,0,-0.000892925,0.005590757,-0.0308871,-0.11,-1.21,0.006966241,-0.006411675,0.138525,-0.24335
2009/6/19,1,0,0,0.153465094,0.012094729,-0.0273558,0.09,-0.671,-0.00430033,0.008729776,0.1796,-0.229275
2009/6/26,0,0,1,-0.01647038,0.017848194,-0.0288889,-0.1,-0.838,-0.01253755,-0.027347532,0.10025,0.02585
2009/7/3,0,1,0,0.005604574,0.024219815,-0.0385481,0.13,-0.941,0.000773195,0.002417065,-0.095225,-0.135875
2009/7/10,1,0,0,-0.030104976,0.015068316,-0.0455363,0.09,-1.157,0.032974517,0.037482249,-0.086275,-0.094175
2009/7/17,1,0,0,-0.040155082,-0.015846417,-0.0560665,-0.37,-1.244,-0.026828611,-0.024194382,0.38725,0.253925
2009/7/24,1,0,0,-0.01029044,-0.001258513,-0.0615677,-0.29,-1.28,-0.011218622,-0.039700218,-0.033475,0.0139
2009/7/31,0,0,1,-0.017903994,-0.021810837,-0.0644469,-0.21,-1.236,-0.001679211,7.74E-05,-0.164325,-0.2766
2009/8/7,0,0,1,-0.020135058,-0.035311724,-0.0590634,-0.11,-1.131,-0.01907261,0.027463745,-0.172975,-0.229325
2009/8/14,1,0,0,0.084618686,0.04893663,-0.0520393,-0.03,-1.045,-0.009186501,0.010980366,-0.4009,0.038625
2009/8/21,0,0,1,-0.028721052,-0.007750632,-0.0417172,-0.15,-1.127,-0.001908955,-0.036362607,-0.324925,0.199775
2009/8/28,0,1,0,0.018954734,0.013980868,-0.0350408,-0.02,-1.122,0.030948743,-0.008706163,-0.2155,-0.086625
2009/9/4,1,0,0,0.013804619,0.016318708,-0.0276798,0.03,-1.151,0.007658666,-0.020893151,0.2915,-0.15895
2009/9/11,1,0,0,0.013871813,0.004540544,-0.0217188,-0.22,-1.116,-0.002851455,-0.022842704,0.392775,-0.3069
2009/9/18,1,0,0,0.003546343,-0.016129914,-0.0207906,-0.13,-1.012,-0.005531797,-0.003675608,0.2646,-0.372275
2009/9/25,0,1,0,0.001276732,0.001407877,-0.0185927,0.11,-1.014,0.020454788,-0.002981553,0.080525,-0.22835
2009/10/2,1,0,0,0.026048545,0.022087388,-0.0198223,0.06,-1.019,0.004768337,0.028780496,0.256525,-0.143675
2009/10/9,1,0,0,-0.029492699,-0.017175849,-0.0154137,-0.25,-1.057,-0.025643073,-0.032401464,0.25535,0.1679
2009/10/16,0,0,1,0.010152516,0.001546876,-0.0165014,-0.06,-1.021,-0.015719968,-0.008559524,-0.146875,-0.074775
2009/10/23,0,1,0,-0.008963941,-0.008935959,-0.014217,0.02,-1.012,-0.002531613,0.01387607,-0.335325,-0.1189
2009/10/30,0,0,1,0.020282771,0.020556205,-0.0135108,0.26,-1.034,0.007296316,0.044861263,-0.316225,0.011925
2009/11/6,1,0,0,0.021267546,0.008907633,-0.0099979,-0.13,-0.988,0.015085261,-0.037721134,-0.089025,0.351625
2009/11/13,0,0,1,-0.024375808,0.0060902,-0.0092934,-0.19,-1.133,-0.028815816,-0.017050506,0.23365,0.02805
2009/11/20,1,0,0,0.013728178,0.014882605,-0.0105205,-0.01,-1.155,0.001199379,0.024408181,-0.16125,-0.122325
2009/11/27,1,0,0,-0.003745733,0.00778217,-0.0102219,-0.06,-1.216,-0.011518067,-0.028950057,-0.11665,0.05375
2009/12/4,0,1,0,0.000756413,-0.026370625,-0.0137837,0,-1.062,-0.021315593,0.001309157,-0.249825,-0.19075
2009/12/11,0,0,1,0.021674855,0.005665162,-0.0162548,0.05,-0.996,0.016590394,0.011290324,-0.446475,-0.068125
2009/12/18,1,0,0,0.009922103,0.001359133,-0.0226974,0.01,-0.958,-0.00362641,0.004445366,-0.03835,0.0544
2009/12/25,0,0,1,-0.041237558,-0.030967604,-0.0252372,-0.05,-0.976,0.001737667,-0.005953227,-0.036425,0.074625
2010/1/1,1,0,0,-0.023730337,-0.031625507,-0.028219,0.05,-0.91,0.015989069,-0.020293487,0.05185,0.0533
2010/1/8,1,0,0,0.032156339,0.030393575,-0.0251076,-0.21,-0.93,-0.032007509,-0.00631191,0.279175,-0.11965
2010/1/15,0,1,0,-4.46E-05,0.021019191,-0.0233683,0.07,-1.044,-0.000797751,0.004693953,-0.234125,-0.1475
2010/1/22,1,0,0,0.02823435,0.013495179,-0.0189974,0.26,-0.992,0.02081665,0.030220215,-0.18675,-0.061475
2010/1/29,0,1,0,-0.013946427,-0.004337349,-0.0072925,0.17,-1.032,0.00847109,-0.002635773,0.129475,0.217325
2010/2/5,1,0,0,-0.002749549,0.197106594,-0.0057842,0.08,-2.144,0.002634937,0.019400686,0.2276,0.181625
2010/2/12,1,0,0,-0.022542294,-0.015753927,-0.0044228,-0.01,-2.141,-0.016181245,-0.013432218,0.275075,0.283525
2010/2/19,0,0,1,-0.023964797,-0.026656523,-0.0090215,-0.14,-2.072,-0.011891749,-0.005447758,-0.0362,0.0818
2010/2/26,1,0,0,0.017779114,0.00686227,-0.0142866,-0.06,-2.039,-0.002736654,0.005544507,-0.24005,-0.0238
2010/3/5,1,0,0,-0.015037936,-0.019592622,-0.0244093,-0.18,-1.979,-0.011736709,-0.042089744,-0.22155,0.023075
2010/3/12,0,0,1,-0.027813653,-0.00912114,-0.0319689,-0.07,-2.042,-0.008547366,-0.003096334,-0.282,-0.3073
2010/3/19,0,0,1,-0.006262751,-0.006296545,-0.03869,-0.06,-2.029,0.003476976,-0.009375196,-0.253075,-0.225225
2010/3/26,1,0,0,-0.028312246,-0.036281763,-0.0403137,0.09,-1.922,-0.007861321,0.011710148,-0.097775,-0.209675
2010/4/2,1,0,0,-0.025108097,-0.004038449,-0.0349288,-0.11,-2,-0.016183123,-0.026440226,-0.1339,-0.03215
2010/4/9,0,0,1,0.0220503,0.007958849,-0.0250117,-0.08,-1.96,-0.010068727,-0.000179418,-0.25855,-0.145625
2010/4/16,0,0,1,0.035752151,0.017454328,-0.0105393,-0.03,-1.92,0.006481726,0.017139294,-0.292,-0.097675
2010/4/23,0,0,1,-0.027209751,-0.018674335,0.00613,-0.12,-1.92,-0.008643754,0.002608233,-0.117225,0.073425
2010/4/30,1,0,0,0.026747259,0.0175313,0.0312412,0.12,-1.916,0.010003576,-0.005189762,-0.135875,0.0881
2010/5/7,0,0,1,0.035345711,0.024919417,0.0465423,0.41,-1.92,0.043648334,0.034674024,0.0747,0.061825
2010/5/14,1,0,0,-0.024631676,0.004150702,0.0614825,-0.05,-2.053,-0.022762591,-0.015830215,0.631925,0.29685
2010/5/21,0,0,1,-0.004861931,0.002925278,0.060225,0.22,-2.092,0.027239031,0.038526016,0.18085,0.084525
2010/5/28,1,0,0,-0.003604971,-0.000348741,0.061186,0.1,-2.105,0.000111971,-0.029941312,0.461475,0.350925
2010/6/4,0,0,1,0.063957917,0.006295392,0.045538,0.18,-1.876,-0.001049901,0.019475027,0.280375,0.0194
2010/6/11,0,1,0,0.000268462,3.15E-05,0.0272323,-0.15,-1.875,-0.024289023,-0.015115657,0.1137,0.118325
2010/6/18,1,0,0,0.011742077,0.002600022,0.0084178,-0.24,-1.839,-0.012269946,-0.028214748,-0.209075,-0.022125
2010/6/25,0,1,0,-0.003802281,0.009555842,-0.0137977,0.15,-1.917,0.010357843,0.017912271,-0.3701,-0.260675
2010/7/2,1,0,0,-0.005636428,0.003674067,-0.0237907,0.23,-1.966,0.032987828,0.013288366,-0.121225,-0.022575
2010/7/9,0,0,1,-0.013613033,0,-0.0311636,-0.29,-2.027,-0.024983112,-0.019157574,0.3903,0.0907
2010/7/16,1,0,0,-0.012352941,0.006266481,-0.0344378,0.01,-2.122,0.012177593,0.000328945,0.045125,-0.032925
2010/7/23,1,0,0,-0.002199111,6.17E-05,-0.0360089,-0.21,-2.132,-0.016560677,-0.02460885,0.1823,0.000325
2010/7/30,0,0,1,-0.001354516,0.005872561,-0.0167403,-0.07,-2.176,-0.007461971,-0.019874726,-0.127375,-0.208175
2010/8/6,0,0,1,0.002873629,0.006206041,-0.0131736,-0.15,-2.204,0.003193712,-0.011162214,-0.234425,-0.29785
2010/8/13,1,0,0,-0.018774069,-0.003487451,-0.0032524,0.25,-2.263,0.002058152,0.010080508,-0.07785,-0.26025
2010/8/20,0,0,1,-0.014858077,0.006326889,0.0032224,-0.06,-2.368,0.002271966,0.000218944,-0.02335,-0.0848
2010/8/27,0,0,1,-0.003557115,-0.009263618,0.0065615,0.07,-2.322,0.018207408,-0.002216325,0.065875,0.001575
2010/9/3,0,1,0,0.002165687,0.005840065,0.0035569,-0.16,-2.351,-0.006609185,-0.017024623,0.302,0.023525
2010/9/10,0,0,1,-0.020968891,-0.008732094,-0.0019806,0,-2.382,-0.001249476,-0.00169699,0.1347,-0.094625
2010/9/17,1,0,0,0.023867854,0.015896198,-0.0103526,-0.1,-2.387,-0.010631159,-0.008182118,0.06785,-0.0912
2010/9/24,1,0,0,0.007249295,0.003571375,-0.0178983,-0.25,-2.38,-0.021013182,-0.018316203,-0.109425,-0.112875
2010/10/1,1,0,0,0.011712962,0.003890405,-0.0202936,-0.06,-2.356,-0.001568252,-0.013742667,-0.377675,-0.190375
2010/10/8,1,0,0,0.01427409,0.010724747,-0.0243789,-0.15,-2.366,-0.009256058,-0.014328308,-0.274575,-0.205675
2010/10/15,0,1,0,-0.005225882,-0.002348081,-0.0208662,0.03,-2.373,0.00118745,-0.000906844,-0.283625,-0.230475
2010/10/22,0,1,0,-0.014677081,0.001236389,-0.0223856,0,-2.445,-0.008468073,0.012968617,-0.13535,-0.14135
2010/10/29,0,0,1,-0.017795342,0.0022168,-0.0067529,0.01,-2.536,0.000149942,0.007552299,-0.141175,0.0307
2010/11/5,1,0,0,-0.032950027,-0.004661313,-0.0065118,-0.25,-2.643,-0.012061103,-0.033665093,-0.08275,0.111325
2010/11/12,0,0,1,-0.023018784,-0.020358245,-0.0003482,0.26,-2.6,0.011002646,0.02652374,-0.180275,-0.1298
2010/11/19,1,0,0,0.03071767,-0.000167468,0.0024402,0.05,-2.477,-0.007407833,0.004255112,0.013675,0.076575
2010/11/26,0,0,1,0.035889788,-0.000487263,0.0045234,0.12,-2.327,0.017817051,0.020258689,-0.0467,0.08275
2010/12/3,1,0,0,0.016426329,0.006032815,0.0014814,-0.17,-2.297,-0.01279287,-0.040571548,0.201025,0.21775
2010/12/10,1,0,0,-0.038544593,-0.025440283,-0.0027346,0.02,-2.295,0.008716129,-0.002548329,0.013175,-0.09775
2010/12/17,0,0,1,0.01765402,0.004832419,-0.0090375,0.04,-2.253,-0.004608145,0.000989969,0.09495,-0.133525
2010/12/24,0,1,0,0.003749585,-0.006525639,-0.0152251,-0.09,-2.195,-0.003650789,-0.02202865,0.018925,-0.09415
2010/12/31,0,0,1,0.016786457,0.008405193,-0.016858,-0.11,-2.178,-0.002175874,-0.017350605,-0.055575,-0.205625
2011/1/7,0,0,1,0.004022695,4.63E-05,-0.019071,0.02,-2.161,-0.009209546,0.025056426,-0.049275,-0.210775
2011/1/14,1,0,0,0.077028185,0.003796941,-0.0180882,-0.15,-1.853,-0.015797798,0.018015881,-0.157875,0.02635
2011/1/21,1,0,0,0.030921406,-0.006181287,-0.020804,0.07,-1.669,0.000800689,0.016361219,-0.287875,0.1722
2011/1/28,1,0,0,-0.017061928,0.010861325,-0.0078886,0.02,-1.821,0.011070604,0.016248636,-0.181925,0.280125
2011/2/4,1,0,0,0.004901857,-0.031514502,-0.0072411,-0.09,-1.592,-0.018843166,0.0090536,0.035225,0.323625
2011/2/11,0,0,1,-0.037545401,-0.014191795,0.0003406,-0.04,-1.68,0.003044675,0.002506129,-0.1512,0.259
2011/2/18,0,0,1,-0.024946246,0.013995319,0.0036283,-0.1,-1.881,-0.000436486,-0.020009826,-0.0455,0.17255
2011/2/25,0,0,1,0.033572602,0.005565129,0.0099405,0.03,-1.767,0.007028702,-0.017628571,-0.0387,-0.050175
2011/3/4,0,0,1,0.050726058,0.004873984,0.0104923,-0.02,-1.565,-0.010607331,-0.022356387,0.062475,-0.188975
2011/3/11,1,0,0,0.010504942,0.006211569,0.0056469,0.05,-1.554,-0.00903087,-0.00056731,-0.0366,-0.2981
2011/3/18,0,0,1,-0.000307566,0.00878557,0.0014803,0.06,-1.612,0.011335883,0.015962503,-0.1419,-0.20065
2011/3/25,0,1,0,-0.01886986,-0.02265896,-0.0053506,-0.1,-1.557,-0.00570793,-0.022386137,0.03405,0.0165
2011/4/1,0,1,0,-0.012982126,-0.010425045,-0.0130534,-0.1,-1.553,-0.013562817,-0.023324027,-0.03135,-0.0954
2011/4/8,1,0,0,-0.033994154,-0.001354711,-0.0167133,0.02,-1.705,-0.009851126,-0.01011398,-0.151475,-0.20285
2011/4/15,0,0,1,0.004319323,0.017986243,-0.015327,-0.03,-1.798,-0.006435565,0.0230265,-0.217225,-0.218975
2011/4/22,0,1,0,0.009474741,0.006490452,-0.0168843,-0.12,-1.796,-0.005662011,-0.01258232,-0.240375,0.002825
2011/4/29,1,0,0,0.011397059,0.007897196,-0.0004735,-0.18,-1.794,-0.010030926,-0.023687121,-0.201275,-0.0258
2011/5/6,1,0,0,0.005987128,0.008036225,0.0019676,0.13,-1.818,0.011548074,0.019642614,-0.213325,-0.14455
2011/5/13,0,0,1,0.00314579,0.002575621,0.011396,0.07,-1.82,0.007043112,0.044968432,0.013425,0.02425
2011/5/20,1,0,0,-0.004640322,0.003226546,0.0161956,-0.01,-1.863,-0.007622044,-0.016211953,0.1276,0.322725
2011/5/27,0,0,1,0.001277248,0.005334878,0.0163581,-0.02,-1.892,-0.004478862,0.001026271,0.030925,0.1612
2011/6/3,1,0,0,-0.002848882,0.007823397,0.014911,0.09,-1.957,0.00453574,-0.032608476,-0.0235,0.12675
2011/6/10,0,0,1,-0.004328174,0.004016729,0.0092314,0.16,-2.004,0.019876088,0.012698865,0.0099,-0.17865
2011/6/17,1,0,0,-0.005310606,0.003476228,0.0048937,0.01,-2.052,-0.001046194,-0.007550879,0.2459,-0.0882
2011/6/24,0,0,1,-0.003035457,0.006853713,-0.0018705,0.05,-2.112,-0.000811097,0.019362058,0.197025,-0.079025
2011/7/1,0,1,0,-0.022651695,-0.021192348,-0.0026082,-0.26,-2.074,-0.025425333,-0.025910657,0.131075,0.097775
2011/7/8,1,0,0,0.01148892,0.012272541,-0.0009544,-0.04,-2.103,0.001029013,-0.00431786,-0.236075,-0.0648
2011/7/15,0,0,1,-0.005023918,0.005687686,0.0101178,0.08,-2.164,0.009225651,0.024923454,-0.2034,-0.091375
2011/7/22,0,1,0,0.002349015,-0.00510485,0.018044,-0.14,-2.119,-0.009743275,-0.017243954,-0.016775,0.109175
2011/7/29,1,0,0,-0.014718122,0.004757061,0.0440019,0.14,-2.218,0.007845158,-0.013509803,-0.0821,-0.0321
2011/8/5,1,0,0,-0.01520473,0.010064616,0.0513005,0.31,-2.354,0.020870719,0.033305549,0.082575,-0.083475
2011/8/12,0,0,1,-0.014085143,0.014828572,0.0666737,0.17,-2.517,0.025466445,0.03527157,0.3065,0.160075
2011/8/19,0,0,1,-0.007807134,-0.00030502,0.0732487,0.14,-2.549,-0.001512269,-0.000194978,0.53235,0.36245
2011/8/26,0,1,0,-0.02752844,0.000246996,0.0641103,-0.09,-2.67,0.012093194,-0.006602895,0.379975,0.29455
2011/9/2,1,0,0,0.006525247,-0.001234675,0.0582364,-0.04,-2.634,-0.004457971,-0.013366114,0.371525,0.15165
2011/9/9,1,0,0,-0.011952191,0.003970389,0.0400297,0.17,-2.712,0.022031642,0.030273215,0.14465,-0.05
2011/9/16,1,0,0,0.041897309,0.000521497,0.0269246,-0.18,-2.54,0.026796792,0.027005243,0.324525,0.140525
2011/9/23,1,0,0,0.036136301,-0.007412984,0.0070579,0.41,-2.331,0.037837413,0.079452121,0.583225,0.32165
2011/9/30,0,0,1,-0.02002387,-0.112550324,-0.0006576,0.13,-1.65,0.023872073,-0.003924042,0.909725,0.873875
2011/10/7,1,0,0,-0.059810555,-0.049506903,-0.0127514,-0.1,-1.614,-0.032719188,-0.01282786,0.97075,0.607725
2011/10/14,0,0,1,-0.006044905,-0.00747043,-0.015474,-0.36,-1.596,-0.016904966,-0.022534492,0.1609,0.253675
2011/10/21,1,0,0,0.00569553,0.004634469,-0.0268813,-0.09,-1.599,0.031412615,0.025240558,-0.247875,-0.09545
2011/10/28,0,0,1,0.013102323,-0.030418647,-0.0038188,-0.3,-1.369,-0.051365652,-0.041012189,0.135175,0.028225
2011/11/4,0,0,1,-0.001468568,-0.006832654,-0.0076723,0.14,-1.337,0.03650185,0.021828639,-0.569925,-0.266925
2011/11/11,1,0,0,0.005550811,0.042754746,0.0043983,0.02,-1.551,0.002949664,0.002968504,0.145875,0.004575
2011/11/18,1,0,0,0.008917197,0.02224525,0.0086193,0.29,-1.642,0.013177683,0.031307207,0.1877,0.06065
2011/11/25,0,0,1,0.057449495,0.035260526,0.0101228,0.36,-1.605,0.035257355,0.040182083,0.300775,0.295525
2011/12/2,0,0,1,-0.025981205,-0.070093839,0.0083456,-0.38,-1.293,-0.043253711,-0.061282564,0.7917,0.60155
2011/12/9,0,0,1,0.015641317,0.027184977,-0.0039088,-0.06,-1.379,-0.005177906,0.005393389,-0.1104,-0.10165
2011/12/16,1,0,0,0.025771698,0.027388132,-0.011712,0.17,-1.424,0.021448837,0.035587404,-0.20885,-0.0842
2011/12/23,1,0,0,-0.016037654,-0.03918047,-0.0246345,-0.16,-1.262,-0.002886526,-0.029837088,0.085525,0.17905
2011/12/30,0,0,1,0.027748251,0.006455968,-0.0319006,0,-1.174,0.00623369,-0.010344792,0.015325,-0.108225
2012/1/6,1,0,0,-0.010730677,0.015511875,-0.0414041,-0.04,-1.314,-0.014739582,0.009374953,0.2024,-0.085175
2012/1/13,1,0,0,-0.008799634,-0.004132021,-0.0428491,-0.08,-1.33,-0.010904196,-0.006725437,-0.06905,-0.01115
2012/1/20,1,0,0,-0.02636957,-0.003911099,-0.0503188,-0.13,-1.427,-0.031752257,-0.023257586,-0.250825,-0.076775
2012/1/27,1,0,0,0.002369829,-0.029789849,-0.0318102,-0.09,-1.242,-0.020827938,-0.026002956,-0.598275,-0.1878
2012/2/3,0,0,1,-0.000765559,-0.00024634,-0.0327067,-0.17,-1.244,-0.020681707,-0.031699205,-0.69675,-0.330875
2012/2/10,1,0,0,-0.001735094,0.023460875,-0.0230549,0.06,-1.385,0.010603478,0.028828748,-0.69935,-0.48145
2012/2/17,1,0,0,0.000112864,-0.01693866,-0.0175356,-0.05,-1.286,-0.00399952,-0.001937535,-0.286975,-0.0905
2012/2/24,1,0,0,-0.000789961,-0.015656159,-0.0131931,-0.05,-1.2,0.010633505,-0.019697231,-0.130675,-0.00285
2012/3/2,1,0,0,0.008628673,0.009454248,-0.0120557,-0.01,-1.215,-0.011951076,-0.011302546,0.119625,-0.0936
2012/3/9,0,0,1,-0.022641256,-0.007939721,-0.0142445,0.08,-1.271,-0.009896061,0.005397068,-0.021375,-0.132075
2012/3/16,0,1,0,-0.011892214,0.012794577,-0.015005,-0.01,-1.395,0.001438553,-0.002526573,-0.16385,-0.083425
2012/3/23,0,1,0,-0.005333581,-0.015594064,-0.0202324,0.02,-1.329,0.005506078,0.015140762,-0.09725,-0.0499
2012/3/30,0,1,0,0.014221435,-0.021180784,-0.0158059,-0.04,-1.149,0.004238928,-0.002007064,0.003475,0.119025
2012/4/6,0,1,0,-0.002735444,0.020929937,-0.0138263,0.07,-1.276,0.012786058,0.026061699,0.10595,0.090925
2012/4/13,1,0,0,-0.020606675,-0.013429752,-0.0060758,0.09,-1.29,0.013961479,0.007292522,0.26675,0.263275
2012/4/20,1,0,0,-0.006872205,-0.035782632,-0.0035996,-0.05,-1.121,-0.006673709,-0.018524809,0.374625,0.250425
2012/4/27,1,0,0,0.037774302,0.009436788,0.014026,-0.12,-1.012,-0.010982922,-0.009750026,0.17105,0.015775
2012/5/4,1,0,0,0.002009499,-0.017843894,0.0163206,0.16,-0.907,0.014640373,0.010085199,-0.05055,-0.08495
2012/5/11,1,0,0,0.019143118,-0.009631728,0.0238697,0.11,-0.772,0.029625894,0.03237781,0.110375,-0.016325
2012/5/18,1,0,0,-0.024910555,-0.013615561,0.0289383,0.3,-0.812,0.016877652,0.028297802,0.470925,0.262775
2012/5/25,1,0,0,0.007820025,-0.004233848,0.0292352,0.01,-0.756,0.014490117,0.007027217,0.612975,0.4669
2012/6/1,0,0,1,-0.000182037,-0.004426583,0.0224606,0.12,-0.734,0.019328979,0.018913957,0.647275,0.40315
2012/6/8,0,1,0,-0.004506247,-0.013221787,0.0147913,-0.17,-0.686,-0.028524467,-0.023193207,0.666125,0.407325
2012/6/15,0,0,1,-0.005989804,-0.036600067,0.0058217,-0.09,-0.527,-0.00084619,-0.004996006,-0.0118,0.03355
2012/6/22,1,0,0,-0.009130845,-0.003015446,-0.0078747,0.04,-0.552,-0.004832058,0.004323531,-0.099675,-0.072
2012/6/29,0,0,1,0.007358061,0.008785647,-0.01489,-0.15,-0.563,-0.037491484,-0.029527612,-0.183325,-0.03105
2012/7/6,1,0,0,0.000529966,-0.006669522,-0.0205951,0.07,-0.528,0.001600419,0.010515062,-0.643325,-0.26515
2012/7/13,0,0,1,0.008474967,-0.024475381,-0.0217929,-0.09,-0.372,-0.008173166,-0.000278519,-0.3752,-0.067475
2012/7/20,1,0,0,-0.003539621,-0.036308146,-0.026018,-0.06,-0.215,0.00477774,0.001583627,-0.343125,-0.02885
2012/7/27,1,0,0,0.002956342,0.025969204,-0.0137721,-0.12,-0.321,-0.009818286,-0.016768667,-0.114125,0.014625
2012/8/3,1,0,0,0.000913993,0.013624558,-0.014219,-0.03,-0.381,-0.008556591,-0.001975715,-0.111725,-0.086925
2012/8/10,0,1,0,0.002511186,0.032553451,-0.0117323,-0.01,-0.525,-0.004593745,-0.008045631,-0.18575,-0.093225
2012/8/17,0,1,0,-0.000364348,0.005979985,-0.0099959,0.07,-0.556,0.00232469,0.026524813,-0.17335,-0.122975
2012/8/24,1,0,0,0.001093444,-0.021068381,-0.0107107,-0.06,-0.447,0.003260064,0.008965127,-0.082375,0.146125
2012/8/31,1,0,0,0.022732444,-0.004977693,-0.011908,0,-0.323,0.000667805,-0.000988548,0.0281,0.221625
2012/9/7,0,0,1,-0.011235955,-0.021069019,-0.0143664,-0.14,-0.272,-0.016774354,-0.028632208,0.06255,0.1605
2012/9/14,0,0,1,-0.006075608,0.045801527,-0.017507,-0.1,-0.515,-0.021373409,0.00331116,-0.161675,-0.131375
2012/9/21,0,0,1,-0.004324202,-0.034286294,-0.0223872,0.02,-0.365,0.010534257,0.007793193,-0.40195,-0.1162
2012/9/28,0,1,0,0.004024648,0.012744336,-0.0203664,0.03,-0.408,-0.000692389,0.003448986,-0.15645,-0.016275
2012/10/5,0,0,1,-0.007133798,0.001140227,-0.0183685,-0.08,-0.445,-0.005708998,0.053437819,-0.0778,0.0509
2012/10/12,1,0,0,0.008872973,-0.014516162,-0.0155611,0.08,-0.336,0.004975954,-0.006662768,-0.058375,0.53695
2012/10/19,0,0,1,-0.010287135,-0.003887371,-0.0149892,0,-0.363,0.000666149,-0.0087789,0.061525,0.33505
2012/10/26,0,0,1,0.019760137,0.016348486,-0.002932,0.11,-0.354,0.007422734,-0.003098985,0.0403,0.13605
2012/11/2,0,1,0,0.028539427,-0.001162308,-0.0026196,0.01,-0.221,0.002959503,0.013640049,0.138,0.0219
2012/11/9,1,0,0,-0.008363462,0.001579254,0.0009249,0.14,-0.267,0.011758741,-0.007760939,0.1522,0.066675
2012/11/16,0,0,1,0.007489567,-0.002261411,0.0020483,0.1,-0.222,-0.005907432,0.01727713,0.255325,0.0095
2012/11/23,1,0,0,-0.010769331,0.008442328,0.0011363,-0.17,-0.312,-0.013523665,-0.00028186,0.1042,0.17465
2012/11/30,1,0,0,0.002247835,0.009526362,-0.0029637,-0.03,-0.348,-0.000522709,0.002610086,-0.125025,0.128375
2012/12/7,1,0,0,-0.006376569,-0.005106313,-0.0046441,-0.02,-0.352,-0.00971994,-0.029792419,-0.116775,0.1017
2012/12/14,0,0,1,-0.006616654,0.000431132,-0.0082008,0.02,-0.384,-0.009189599,-0.005630685,-0.215475,-0.1862
2012/12/21,1,0,0,-0.006928046,-0.023414734,-0.0127255,-0.02,-0.301,0.014066026,-0.003790526,-0.236225,-0.211375
2012/12/28,1,0,0,0.000358913,0.007270588,-0.0129758,0.08,-0.334,0.007064906,-0.014135256,0.04575,-0.172225
2013/1/4,1,0,0,0.008521135,0.011473871,-0.0128593,-0.15,-0.351,-0.022615517,0.008747319,0.152925,-0.21365
2013/1/11,0,1,0,-0.015875486,0.005073734,-0.0137241,-0.05,-0.447,-0.007521328,0.017413692,-0.144325,-0.024175
2013/1/18,0,1,0,-0.017261246,-8.21E-05,-0.014869,-0.01,-0.523,-0.00017781,0.017337368,-0.203725,0.15735
2013/1/25,1,0,0,-0.026783456,-0.000923513,-0.0031161,0,-0.635,0.002819408,0.006252581,-0.174925,0.292025
2013/2/1,0,1,0,-0.024331475,0.000205415,-0.0040702,-0.01,-0.739,-0.008663059,-0.012747769,-0.06455,0.284075
2013/2/8,0,0,1,-0.004406566,0.001191161,0.0003672,0.03,-0.763,0.008564149,0.003816324,-0.0851,0.06305
2013/2/15,1,0,0,-0.021425097,0.013107692,0.0025198,0.05,-0.915,-0.003452222,-0.004027419,0.066475,0.035875
2013/2/22,1,0,0,-0.005193966,-0.000992124,0.002779,0.05,-0.931,0.000319101,0.00015809,0.015275,-0.03175
2013/3/1,1,0,0,-5.00E-05,0.007458452,0.0009666,0.01,-0.968,0.003553665,0.021272411,0.022125,-0.015375
2013/3/8,1,0,0,-0.02018587,-0.004586787,-0.0003643,-0.03,-1.026,-0.01099815,0.001862742,0.077475,0.203725
2013/3/15,1,0,0,-0.016573177,0.007275667,-0.0046372,-0.06,-1.127,-0.016186007,0.009427782,-0.091075,0.173025
2013/3/22,1,0,0,-0.010111486,0.025882825,-0.0087024,0.01,-1.295,-0.007430507,0.011626024,-0.260775,0.21585
2013/3/29,1,0,0,0.001807229,-0.004909055,-0.0099289,-0.04,-1.263,-0.002253349,-0.007890843,-0.27995,0.249725
2013/4/5,1,0,0,0.004418416,-0.010043436,-0.0123497,-0.06,-1.195,-0.013314863,-0.016087659,-0.2117,0.07655
2013/4/12,0,0,1,-0.015305326,-0.001350064,-0.0120357,-0.12,-1.247,-0.008777486,-0.018001318,-0.2609,-0.10525
2013/4/19,1,0,0,-0.013957177,-0.003936382,-0.0151638,0.14,-1.28,0.014691686,0.030133775,-0.247025,-0.2612
2013/4/26,1,0,0,-0.004932711,-0.014650114,-0.0037599,-0.12,-1.225,-0.010225813,-0.01444435,0.02865,0.081225
2013/5/3,0,0,1,-0.001778113,-0.011667477,-0.0074591,-0.08,-1.174,-0.00648901,-0.022308318,-0.066675,-0.02375
2013/5/10,1,0,0,-0.046124366,-0.015965732,-0.0018451,0.05,-1.267,0.000393363,0.022583341,-0.091375,-0.182375
2013/5/17,1,0,0,0.017514076,0.004977819,0.0016068,0.01,-1.229,0.020850786,0.029478229,-0.053925,0.07675
2013/5/24,1,0,0,0.061898671,0.032661859,0.0065942,0.07,-1.164,0.014873891,0.017174456,0.206225,0.314025
2013/5/31,0,0,1,0.0272075,0.10092719,0.0094924,0.19,-1.563,0.020424316,0.05139145,0.3786,0.441875
2013/6/7,0,1,0,0.000662809,0.068833513,0.0118545,-0.06,-1.938,-0.004256091,-0.013859662,0.54735,0.8386
2013/6/14,1,0,0,-0.020992026,-0.002455955,0.0115461,0.03,-2.006,-0.004841312,-0.00279414,0.319475,0.41495
2013/6/21,0,0,1,0.049832158,0.041289815,0.0089121,0.42,-2.056,0.044921565,0.020620108,0.09725,0.1865
2013/6/28,1,0,0,-0.003668451,-0.053329831,0.0068886,-0.04,-1.746,-0.029158319,-0.029124153,0.598075,0.26825
2013/7/5,0,0,1,-0.017762961,-0.002150687,0.0010551,0.04,-1.805,0.010531474,0.031265311,0.032875,-0.159975
2013/7/12,0,1,0,-0.011954815,0.000486686,-0.001876,-0.28,-1.855,-0.02067306,-0.022847772,0.1478,0.21635
2013/7/19,1,0,0,0.000205076,-0.009763725,-0.0089823,-0.11,-1.798,-0.023058108,-0.012021447,-0.1894,-0.064375
2013/7/26,0,1,0,-0.019862628,0.033422225,-0.0032352,0,-2.066,0.009999706,-0.011540803,-0.4997,-0.1836
2013/8/2,1,0,0,0.00844599,-0.006739894,-0.0058425,0.03,-1.994,-0.00110185,0.00566435,-0.171575,-0.21525
2013/8/9,1,0,0,-0.021106674,-0.010323727,-0.00169,0.01,-2.015,-0.004190406,-0.002697958,-0.11075,-0.1226
2013/8/16,1,0,0,0.016475948,0.010914994,0.0002705,0.29,-2.016,0.022348153,0.026483028,-0.052425,-0.047325
2013/8/23,1,0,0,-0.028013759,0.024515666,0.0024451,-0.02,-2.267,0.002931181,0.013865535,0.291025,0.26695
2013/8/30,0,0,1,0.021555538,0.016908736,0.003854,0.08,-2.288,0.031462501,0.002495955,0.2427,0.364775
2013/9/6,0,0,1,-0.078681469,-0.035058951,0.0027667,-0.02,-2.374,-0.01664752,-0.027035602,0.59295,0.282525
2013/9/13,0,1,0,-0.047770973,-0.04260345,-0.0009744,-0.12,-2.291,-0.010148535,-0.00966162,0.200575,-0.092975
2013/9/20,1,0,0,0.011008735,-3.55E-05,-0.0063057,-0.17,-2.254,-0.014846328,-0.005179449,-0.061525,-0.2275
2013/9/27,1,0,0,0.012427506,0.031596137,-0.0087119,0.05,-2.39,0.021208136,0.019102194,-0.27895,-0.22925
2013/10/4,1,0,0,-0.016015899,-0.003923188,-0.0132511,0,-2.422,-0.004859322,-0.01112363,0.02895,0.060175
2013/10/11,1,0,0,-0.049572294,-0.045588032,-0.0147378,-0.04,-2.325,-0.007710316,-0.010306568,0.032875,0.0061
2013/10/18,0,0,1,0.0335948,-0.008597441,-0.0203849,-0.21,-2.17,-0.011067368,-0.011732069,-0.038875,-0.0793
2013/10/25,0,1,0,0.027121001,-0.000237339,-0.0165497,-0.04,-2.079,0.00126694,0.002948124,-0.161425,-0.175975
2013/11/1,0,0,1,0.007594713,0.037398879,-0.0182764,0.1,-2.258,0.013195479,0.035310958,-0.137675,-0.11245
2013/11/8,1,0,0,0.002132694,0.024872819,-0.0137935,0.09,-2.392,0.007612662,0.013461751,0.1059,0.31575
2013/11/15,1,0,0,0.00775465,-0.014667995,-0.0121116,-0.13,-2.28,-0.01851777,-0.018274442,0.220325,0.412875
2013/11/22,0,1,0,0.001388567,0.015304699,-0.010088,0,-2.363,0.001930935,-0.009990192,-0.057075,0.124775
2013/11/29,1,0,0,-0.018199676,0.011674621,-0.0066055,0.02,-2.494,0.010245759,0.009341012,-0.04295,-0.05925
2013/12/6,0,0,1,-0.010651445,0.009639208,-0.0051503,0.01,-2.587,-0.01432484,0.013171896,0.07665,-0.015175
2013/12/13,1,0,0,0.009338568,-0.003798702,-0.0034861,0.04,-2.533,-0.004401948,-0.004049119,-0.1132,0.133925
2013/12/20,1,0,0,-0.026636808,-0.008672471,-0.0026532,-0.12,-2.572,0.00707728,0.004411166,-0.102925,0.1111
2013/12/27,1,0,0,0.006114912,-0.002008374,-0.0015097,-0.02,-2.54,0.005727681,0.015617383,0.005475,0.142025
2014/1/3,0,0,1,-0.008454688,-0.001551948,-0.0018709,0.02,-2.559,0.003333821,0.020574324,0.08065,0.24505
2014/1/10,1,0,0,0.022636929,0.004543514,0.0011462,-0.06,-2.511,-0.011077726,-0.011863777,0.1451,0.3856
2014/1/17,1,0,0,0.09931456,-0.000221047,-0.0007738,0.05,-2.175,0.020682866,0.019722487,-0.038725,0.15895
2014/1/24,0,0,1,0.010445908,0.006071635,0.0010041,0.14,-2.172,0.015480609,0.019304458,0.218425,0.293575
2014/1/31,0,0,1,0.000480833,0.00131857,-1.52E-05,0.03,-2.178,-0.008232157,0.001847039,0.365675,0.388625
2014/2/7,0,1,0,-0.017541986,0.004102443,-0.0008968,-0.06,-2.268,-0.006140938,-0.006106407,0.16205,0.281075
2014/2/14,1,0,0,0.005082074,-0.001227386,-0.0039817,-0.15,-2.242,-0.003578847,-0.019604534,0.0245,0.134725
2014/2/21,1,0,0,0.012843739,-0.000589196,-0.0064309,0.03,-2.191,0.001207584,0.005280255,-0.09475,-0.174
2014/2/28,1,0,0,0.003283678,-0.00045479,-0.0075102,-0.12,-2.176,-0.001742969,-0.017117938,-0.070475,-0.104025
2014/3/7,0,0,1,-0.017668503,-0.00883032,-0.0072945,0.02,-2.19,-0.005259406,-0.00341817,-0.037275,-0.238775
2014/3/14,0,0,1,0.00024379,0.004573508,-0.0061129,0.07,-2.216,0.00113682,-0.006536063,-0.07225,-0.173
2014/3/21,0,1,0,-0.014650923,-0.013895001,-0.0041274,-0.05,-2.188,0.000979786,0.019221634,-0.025,-0.147675
2014/3/28,0,0,1,-0.012944895,-0.004307904,-0.0024262,-0.04,-2.21,-0.012575625,-0.030270455,0.003325,0.118475
2014/4/4,0,0,1,0.001085927,0.006705278,0.0004791,-0.03,-2.245,-0.005811238,-0.002385484,-0.1466,-0.184875
2014/4/11,1,0,0,0.026618085,0.009537181,0.0006292,0.06,-2.205,0.002377227,-0.007946281,-0.17165,-0.154225
2014/4/18,1,0,0,-0.011975075,-0.006818182,0.0019457,-0.09,-2.209,0.000141834,0.000362184,-0.087225,-0.184975
2014/4/25,0,0,1,-0.021882198,-0.005942826,0.0032228,-0.02,-2.254,0.005588645,0.014375002,-0.035175,-0.1247
2014/5/2,0,1,0,0.014465938,0.001305618,0.0015091,-0.1,-2.21,-0.009655332,-0.018953384,0.090725,0.135
2014/5/9,0,0,1,0.00011054,0.006759771,0.0003913,0.05,-2.249,-0.005771477,-0.013720167,-0.04305,-0.0769
2014/5/16,0,1,0,-0.00384084,0.004107021,-0.0008964,-0.06,-2.287,-0.004117207,-0.000386619,-0.11295,-0.187675
2014/5/23,1,0,0,-0.010401931,0.00280036,-0.002462,-0.01,-2.341,-0.004217269,-0.006530082,-0.134525,-0.1451
2014/5/30,0,0,1,-0.013622603,-0.005178892,-0.0056063,-0.09,-2.359,-0.00046681,0.025035225,-0.1437,-0.16355
2014/6/6,0,1,0,-0.097414038,-0.004389248,-0.006277,0,-2.676,0.004980577,0.000302632,-0.072525,0.20175
2014/6/13,1,0,0,-0.050532082,-0.008629233,-0.0065092,0.03,-2.786,0.006041639,0.007396428,0.03795,0.193775
2014/6/20,0,1,0,0.000729516,-0.00117207,-0.0056934,-0.06,-2.777,-0.002295354,-0.003696758,0.12855,0.224125
2014/6/27,1,0,0,-0.046588687,-0.000793801,-0.004297,-0.05,-2.913,-0.002705548,-0.007057246,0.076275,0.1165
2014/7/4,1,0,0,-0.00528273,-0.007806159,-0.0020223,0,-2.883,0.00037023,0.014682018,0.0142,-0.03405
2014/7/11,0,0,1,-0.012578177,0.01009556,0.0005997,0.01,-2.977,0.001101589,-0.005939273,-0.000325,0.131125
2014/7/18,0,0,1,-0.011959945,-0.005135186,0.001091,-0.02,-2.981,-0.004241248,-0.006588374,0.00975,0.037125
2014/7/25,1,0,0,-0.020413279,-0.001732112,0.006057,0,-3.028,-0.000648979,-0.013930686,-0.033125,-0.027725
2014/8/1,1,0,0,0.025006398,0.00267208,0.0052894,0.21,-2.975,0.017511195,0.014542964,-0.0237,-0.16205
2014/8/8,0,0,1,0.0121625,0.004862685,0.0064888,-0.01,-2.969,0.004517594,-0.002935455,0.216475,0.022725
2014/8/15,1,0,0,0.010501092,0.006337398,0.0050782,-0.12,-2.976,-0.013832425,-0.007486157,0.230825,0.0234
2014/8/22,0,1,0,0.002301576,-0.014443151,0.003296,-0.05,-2.885,0.004308369,0.008152181,-0.007,-0.032575
2014/8/29,0,1,0,-0.005358013,0.000625087,0.0036206,-0.07,-2.904,-0.004440078,-0.003363678,0.02415,0.08025
2014/9/5,1,0,0,-0.04606828,-0.003418477,0.0043553,0.08,-3.016,-0.00451928,0.001405271,-0.07585,0.011475
2014/9/12,1,0,0,0.031058634,0.084919294,0.005062,0.2,-3.419,0.016613324,0.029287018,-0.10345,0.040925
2014/9/19,1,0,0,0.036026744,0.006467869,0.0069516,-0.06,-3.358,-0.004183355,0.004037922,0.17655,0.3624
2014/9/26,1,0,0,0.046376712,1.59E-05,0.0075603,0.13,-3.223,0.017227217,0.012199868,0.082125,0.311425
2014/10/3,0,0,1,-0.029755265,0.027155887,0.0081297,0.04,-3.484,0.002606905,0.009140094,0.300075,0.362875
2014/10/10,1,0,0,0.007641589,0.004284716,0.0075949,0.1,-3.489,-0.001105255,-0.021103674,0.251375,0.3383
2014/10/17,1,0,0,0.052682796,0.001391229,0.0026858,0.03,-3.341,0.002807586,-0.004696262,0.129125,-0.048925
2014/10/24,0,0,1,-0.022632367,-0.036430435,0.0056468,-0.14,-3.176,0.002238005,-0.014783163,0.11725,-0.112675
2014/10/31,1,0,0,-0.022341085,-0.022668653,-0.0022521,-0.07,-3.103,-0.006219706,0.008644813,0.074825,-0.26305
2014/11/7,1,0,0,0.029657059,-0.010343245,-0.0034836,0.03,-2.951,0.003942135,0.019590354,-0.0317,-0.0793
2014/11/14,1,0,0,-0.012765268,-0.01331677,-0.0037208,0.02,-2.91,-0.000978989,-0.017832518,0.0298,0.227925
2014/11/21,0,1,0,-0.021364576,-0.014956942,-0.0018155,-0.04,-2.886,0.005566468,-0.013580315,0.0082,0.0033
2014/11/28,1,0,0,-0.005197854,-0.010139741,0.001709,-0.02,-2.842,0.022049944,0.009519855,0.088375,-0.13515
2014/12/5,1,0,0,-0.043755267,0.001583886,0.0053917,0.12,-2.981,0.029737985,0.024536288,0.3857,-0.021925
2014/12/12,0,0,1,0.05471146,0.04678825,0.0095578,0.16,-3.098,0.027308247,0.019747526,0.7035,0.261225
2014/12/19,1,0,0,-0.035061332,-0.008193895,0.0149498,-0.13,-3.153,-0.011608261,-0.001830585,0.902275,0.480575
2014/12/26,1,0,0,-0.033356425,-0.005016556,0.0189985,-0.01,-3.219,0.008059463,0.000164024,0.430625,0.34465
2015/1/2,0,0,1,0.025298312,-0.003061717,0.0176279,0.07,-3.13,0.007885489,0.006351956,0.303675,0.200025
2015/1/9,0,0,1,0.002691084,-0.028925275,0.0200638,0,-2.949,-0.016448631,-0.017310358,0.22965,0.152325
2015/1/16,1,0,0,0.188741722,-0.004211069,0.0162298,0.05,-2.383,-0.003514008,0.00368187,-0.125575,-0.119
2015/1/23,1,0,0,-0.050989591,-0.023457323,0.0153174,-0.01,-2.421,0.006287633,-0.013756526,-0.130525,-0.039475
2015/1/30,0,0,1,0.003584008,-0.000424208,0.0090164,0.16,-2.407,0.021083115,0.019975056,-0.02165,-0.1766
2015/2/6,1,0,0,-0.002062681,-0.006312774,0.0035198,-0.09,-2.378,-0.009115332,-0.013518625,0.3128,0.11445
2015/2/13,1,0,0,0.07632269,0.002384554,-0.0020094,-0.07,-2.144,0.00195957,0.012860386,0.14955,-0.02035
2015/2/20,1,0,0,0.004012726,0.019705658,-0.0070211,0.02,-2.241,0.009254867,-0.003125056,0.125,0.13945
2015/2/27,0,1,0,-0.006080676,-0.005275161,-0.0121334,-0.01,-2.232,-0.005925192,0.000249054,0.18935,0.08705
2015/3/6,0,0,1,0.049115349,0.004025483,-0.0150234,0.25,-2.084,0.035536847,0.031426188,0.014425,0.043475
2015/3/13,1,0,0,0.009144171,0.012620716,-0.0151494,0.11,-2.123,-0.00124605,0.034382735,0.5699,0.42605
2015/3/20,0,0,1,-0.061367336,-0.007608883,-0.0144647,-0.29,-2.305,-0.02877781,-0.038723369,0.39645,0.726475
2015/3/27,1,0,0,0.003699636,0.017311962,-0.0146013,0.11,-2.392,0.011493715,0.000906494,-0.185675,0.062875
2015/4/3,0,0,1,0.023095087,0.008559834,-0.0121812,-0.08,-2.362,-0.027745133,-0.021654588,-0.0108,-0.0063
2015/4/10,0,1,0,-0.036253096,-0.010279299,-0.0082639,-0.01,-2.43,0.026076387,0.015373145,-0.49275,-0.346725
2015/4/17,0,1,0,0.004351636,0.026802187,-0.0062159,-0.03,-2.572,0.006652132,0.004806622,0.0742,-0.0892
2015/4/24,1,0,0,0.025007997,-0.002828195,0.0002342,-0.05,-2.469,0.002500848,0.003358762,0.24885,0.10285
2015/5/1,1,0,0,0.002581634,-0.016833781,-0.0012128,0.13,-2.359,0.009823519,-0.005816158,0.2254,0.1454
2015/5/8,0,0,1,0.012478778,0.006804684,0.0030987,-0.03,-2.355,-0.028017204,-0.013458524,0.349225,0.0694
2015/5/15,1,0,0,-0.016321511,0.006505874,0.0046052,-0.05,-2.452,-0.008031078,-0.011357813,-0.250675,-0.144625
2015/5/22,1,0,0,-0.017302611,-0.00785371,0.0044376,0.16,-2.466,0.016515975,0.006834038,-0.3374,-0.24605
2015/5/29,1,0,0,-0.008413323,0.017874021,0.0010183,0.06,-2.601,0.006782918,0.020475293,0.002875,-0.084025
2015/6/5,0,0,1,0.032539289,-0.005538329,0.0008296,0.17,-2.456,0.020932965,0.033109632,0.143875,0.23415
2015/6/12,1,0,0,-0.023974247,0.003851733,-0.0019949,-0.06,-2.564,-0.020356643,-0.017296073,0.518375,0.639175
2015/6/19,0,0,1,0.025083902,0.022872234,-0.00212,-0.07,-2.615,-0.004007187,-0.018869408,0.0624,0.27405
2015/6/26,0,0,1,-0.024498321,-0.016531073,-0.0038015,0.16,-2.6,0.013129617,0.001856279,-0.091075,-0.087125
2015/7/3,0,0,1,0.018140786,0.008041213,-0.004158,0.07,-2.586,0.010476355,0.008203023,0.097875,-0.11725
2015/7/10,0,0,1,-0.014776925,0.0003276,0.0004997,0.05,-2.64,-0.001555544,0.009623422,0.224825,-0.014275
2015/7/17,1,0,0,0.009662532,-0.016620272,0.0007384,-0.08,-2.505,0.012922313,-0.008453095,0.20365,0.185075
2015/7/24,0,0,1,0.008970147,0.028373991,0.0067987,0.13,-2.644,0.020631332,0.023476308,0.338925,0.077025
2015/7/31,0,0,1,-0.000424701,0.021778202,0.0099401,-0.06,-2.78,-0.010263408,-0.000268416,0.534725,0.336525
2015/8/7,1,0,0,0.005580104,0.023881212,0.0161388,0.06,-2.911,0.002526479,-0.005535449,0.19945,0.231925
2015/8/14,1,0,0,-0.004760429,-0.003234743,0.0189847,0.07,-2.907,0.012864445,0.014405143,0.1535,0.086375
2015/8/21,1,0,0,0.027170837,0.032297134,0.0220244,0.29,-3.019,0.036192707,0.010023824,0.25975,0.240875
2015/8/28,1,0,0,-0.02033506,-0.019975332,0.0202199,0.03,-2.96,-0.014556099,0.024095349,0.760125,0.269375
2015/9/4,0,0,1,-0.015497553,0.035746079,0.0202616,0.17,-3.248,0.010656451,0.039555782,0.342975,0.52625
2015/9/11,0,1,0,-0.030168843,-0.008831854,0.0127081,-0.11,-3.294,-0.006535555,-0.023146984,0.372475,0.92365
2015/9/18,1,0,0,-0.016319557,-0.02921345,0.0059219,-0.05,-3.154,-0.011657055,-0.017881414,0.0758,0.315875
2015/9/25,0,0,1,-0.002126194,0.015231084,0.0011986,0.18,-3.26,0.018459628,0.041912603,-0.2266,-0.091275
2015/10/2,1,0,0,0.01182402,-0.002366433,-0.0071007,-0.09,-3.205,-0.013112939,-0.014498935,0.1768,0.4058
2015/10/9,1,0,0,-0.024498754,-0.034151385,-0.0086843,-0.26,-3.063,-0.020210257,-0.029307588,-0.0919,0.0688
2015/10/16,0,0,1,-0.01270903,-0.007367758,-0.0157763,-0.08,-3.058,-0.000870632,-0.021393862,-0.37345,-0.28095
2015/10/23,0,1,0,-0.01555186,0.013877434,-0.0118623,0,-3.196,0.00953675,0.040432162,-0.277775,-0.4965
2015/10/30,0,1,0,0.001345137,-0.012467346,-0.014186,0,-3.112,-0.006021019,0.012008655,-0.0553,0.120425
2015/11/6,1,0,0,-0.029022181,0.003817519,-0.0081237,0.09,-3.229,0.017784092,0.023233329,-0.050075,0.370125
2015/11/13,1,0,0,0.005533927,0.033958751,-0.0036905,0.19,-3.427,-0.007940111,0.014383594,0.3195,0.688925
2015/11/20,1,0,0,-0.035356606,-0.040367505,0.0045207,-0.18,-3.273,-0.009291805,-0.031198591,0.101425,0.70805
2015/11/27,1,0,0,0.07751758,0.023012818,0.0051806,0.02,-3.184,0.004860165,0.030216934,-0.1078,-0.042325
2015/12/4,1,0,0,-0.013944898,0.006949087,0.0117862,-0.02,-3.274,0.001172118,-0.003427911,-0.006025,0.3232
2015/12/11,0,0,1,0.011488511,0.250231582,0.0158476,0.24,-4.858,0.04277599,0.09932622,-0.0088,0.14525
2015/12/18,1,0,0,-0.036790123,-0.113015559,0.0186367,0.1,-4.062,-0.015248631,-0.053118747,0.766575,1.61305
2015/12/25,1,0,0,-0.076935401,0.013769004,0.0198746,-0.12,-4.401,0.005369697,0.007577494,0.335075,0.4334
2016/1/1,1,0,0,0.000902558,0.026312537,0.016206,0.07,-4.59,0.000843641,0.020158185,0.2862,0.286475
2016/1/8,1,0,0,0.083203274,-0.021556742,0.0175881,0.35,-4.189,0.037739148,0.045646334,0.15625,0.409625
2016/1/15,0,0,1,-0.003586066,0.05207735,0.0151985,0.2,-4.581,0.017654385,0.027865177,0.6772,0.860325
2016/1/22,0,0,1,-0.017705656,-0.026140647,0.0151715,-0.05,-4.435,0.009143769,-0.020330013,0.870875,1.23955
2016/1/29,1,0,0,0.008963329,-0.027442972,0.0078469,-0.11,-4.202,-0.018840082,-0.037038064,0.76665,0.499525
2016/2/5,0,0,1,-0.014071264,0.00200376,0.0053327,0.08,-4.26,0.01773998,0.00725461,0.13025,-0.388075
2016/2/12,1,0,0,0.044197442,0.011834157,0.0005591,0.04,-4.212,0.024529112,-0.010367532,0.252375,-0.335275
2016/2/19,0,0,1,0.118382515,-0.003533091,-0.0006407,-0.16,-3.81,-0.03764656,-0.03228708,0.595025,-0.4106
2016/2/26,1,0,0,-0.015938274,0.027223822,-0.0107147,-0.08,-4.067,0.002433811,0.047465376,-0.25335,-0.668925
2016/3/4,1,0,0,-0.03811595,-0.026608125,-0.0129458,-0.23,-3.999,-0.028247958,-0.053601042,-0.1441,0.36845
2016/3/11,0,0,1,-0.008270364,-0.040459758,-0.0152023,-0.16,-3.729,-0.004816188,-0.009178701,-0.68625,-0.52405
2016/3/18,0,0,1,-0.012568994,0.036969388,-0.0147222,-0.22,-4.032,-0.018056003,0.001266891,-0.5959,-0.473725
2016/3/25,1,0,0,-0.02327065,0.009885714,-0.012444,0.09,-4.181,0.00764602,0.01101708,-0.5988,-0.2693
2016/4/1,0,0,1,0.064850238,-0.011965766,-0.0108725,-0.18,-3.884,-0.012168488,-0.051432587,-0.24675,-0.0453
2016/4/8,1,0,0,-0.005724968,0.009633806,-0.0061541,0.03,-3.974,0.02419439,0.017410976,-0.262225,-0.6212
2016/4/15,1,0,0,-0.020417156,-0.023244782,-0.0043247,-0.12,-3.872,-0.013387824,-0.030177289,0.28385,-0.181375
2016/4/22,1,0,0,-0.029479682,-0.009477555,0.0002095,-0.03,-3.902,-0.005300901,-0.012284428,0.04105,-0.545625
2016/4/29,0,1,0,0.011185959,-0.01342075,-0.0042503,-0.04,-3.77,-0.017852565,-0.013059561,-0.077025,-0.525325
2016/5/6,0,0,1,0.006906246,0.01584687,-0.0006569,0.13,-3.859,0.038748705,0.04349498,-0.35875,-0.427975
2016/5/13,0,1,0,-0.010288316,0.004067654,4.76E-05,0.05,-3.922,0.016103962,0.032995913,0.372775,0.343425
2016/5/20,1,0,0,0.038514612,-0.008687057,0.0022053,0.09,-3.734,0.008822855,0.01334875,0.65235,0.887325
2016/5/27,0,0,1,-0.009242035,-0.00327215,0.0021662,-0.12,-3.742,0.006240537,0.004626934,0.67395,0.9041
2016/6/3,1,0,0,0.024736246,0.00042269,0.0048746,-0.1,-3.662,0.005559588,-0.042642824,0.5846,0.6906
2016/6/10,1,0,0,0.221643788,-0.01111205,0.0077204,-0.03,-2.821,0.001472675,0.007682547,0.376875,-0.319125
2016/6/17,1,0,0,0.019711939,0.003532009,0.0083882,0.07,-2.763,0.010195902,-0.006713048,0.2368,-0.234125
2016/6/24,0,0,1,0.022576051,0.011310901,0.0113946,0.1,-2.746,0.004305251,-0.005978349,0.325925,-0.271475
2016/7/1,1,0,0,0.046278539,-0.041299467,0.0047206,-0.28,-2.249,-0.031122065,-0.036632154,0.293475,-0.218075
2016/7/8,1,0,0,0.002029371,0.013510546,0.0030635,-0.11,-2.332,0.007282587,-0.00301954,-0.387,-0.578275
2016/7/15,1,0,0,-0.017508711,0.019872906,-0.0040546,-0.01,-2.55,0.004685036,0.001086224,-0.18465,-0.46785
2016/7/22,1,0,0,-0.005563436,-0.00865243,-0.0065116,-0.01,-2.514,-0.003804636,-0.020912097,-0.0529,-0.259025
2016/7/29,1,0,0,0.045492032,0.011727734,-0.0150821,-0.06,-2.392,0.010320596,-0.031002359,-0.053225,-0.3962
2016/8/5,1,0,0,-0.005692236,-0.003346229,-0.0134603,0.05,-2.395,-0.000517393,-0.012339212,0.24855,-0.612425
2016/8/12,1,0,0,-0.042582388,-0.015526498,-0.0114228,-0.11,-2.484,-0.027301964,-0.01976125,0.152,-0.59365
2016/8/19,0,1,0,-0.014601483,-0.007655447,-0.0075512,-0.01,-2.496,-0.00286277,0.001586702,-0.4043,-0.641525
2016/8/26,1,0,0,0.005022613,0.034526762,-0.0009488,0.1,-2.712,0.019603516,0.059644497,-0.35835,-0.327325
2016/9/2,0,0,1,0.002261318,0.006728155,0.0018208,-0.02,-2.75,-0.001329376,0.007218446,0.095725,0.7198
2016/9/9,1,0,0,0.004444745,-0.017724374,0.0093608,0.18,-2.603,0.016585509,-0.006729184,0.121575,0.720925
2016/9/16,1,0,0,0.017295986,-0.012048364,0.009815,0.07,-2.441,0.036365187,-0.01772014,0.48585,0.451975
2016/9/23,0,1,0,0.065380114,-0.018063387,0.0112831,-0.15,-2.019,0.008388732,-0.034628818,1.03825,-0.016675
2016/9/30,1,0,0,-0.01842487,0.008343074,0.0064244,-0.03,-2.165,-0.021480858,-0.000955434,0.8693,-0.6475
2016/10/7,1,0,0,-0.020734359,0.003014012,0.004404,0.1,-2.284,-0.005231559,0.009616574,0.166,-0.47965
2016/10/14,1,0,0,-0.029043317,0.014201303,-0.0026975,0.09,-2.517,-0.016102297,0.030296204,-0.120025,-0.137475
2016/10/21,0,1,0,0.028957186,0.004900145,-0.0048561,-0.03,-2.421,-0.022852375,-0.025091835,-0.5136,0.444675
2016/10/28,1,0,0,0.006862914,-0.001729368,-0.0135767,0.13,-2.377,0.019966482,-0.012165311,-0.776225,0.077325
2016/11/4,0,1,0,0.051399666,-0.010252187,-0.0157212,0.07,-2.065,-0.000268362,-0.019818963,-0.08775,-0.1392
2016/11/11,0,0,1,0.140809753,0.03281111,-0.0159444,0.09,-1.603,0.090509495,0.052596348,0.05465,-0.420275
2016/11/18,1,0,0,-0.031755392,-0.047048855,-0.0169967,0.1,-1.442,-0.010850435,0.004690695,1.945825,0.40505
2016/11/25,1,0,0,0.020301945,0.009912247,-0.0144449,-0.06,-1.4,-0.000402144,-0.023225294,1.2798,0.4878
2016/12/2,1,0,0,-0.027658189,-0.00705811,-0.0141237,-0.04,-1.504,-0.002119288,-0.023375267,0.777875,0.066275
2016/12/9,0,0,1,-0.035570108,-0.014129345,-0.0085122,-0.11,-1.598,-0.012524722,-0.001704091,0.334825,-0.310325
2016/12/16,0,1,0,0.016492737,-0.001253299,-0.0071324,0.08,-1.504,0.00152414,0.015285593,-0.30425,-0.371375
2016/12/23,1,0,0,0.037536056,0.003956537,-0.0027815,-0.03,-1.333,0.007513521,-0.003719719,-0.1392,-7.50E-05
2016/12/30,0,1,0,0.023832169,-0.006131992,-0.0040699,0.01,-1.161,0.004637572,-0.019797484,0.0818,0.06285
2017/1/6,1,0,0,0.037247441,-0.017828872,-0.0034325,-0.11,-0.832,0.02256141,0.000152826,0.210575,-0.16705
2017/1/13,0,1,0,-0.013141125,-0.002907415,-0.0043051,-0.03,-0.889,0.010980083,-0.019180419,0.6803,-0.13205
2017/1/20,1,0,0,-0.000593379,0.00250797,-0.0029529,0.03,-0.909,0.004177234,0.004834511,0.727025,-0.36685
2017/1/27,1,0,0,-0.032777438,0.005169166,-0.0096253,-0.08,-1.131,-0.03403981,-0.010422844,0.578975,-0.15475
2017/2/3,0,0,1,0.004387232,-0.011649525,-0.0073091,-0.05,-1.029,-0.02637869,-0.016681709,-0.366975,-0.1798
2017/2/10,1,0,0,0.016609444,-0.010103002,-0.0061784,-0.03,-0.87,-0.00197242,0.004017036,-0.92995,-0.3202
2017/2/17,1,0,0,0.01189992,-0.016504482,-0.0050525,-0.08,-0.695,0.002972806,-0.023864402,-0.7323,-0.127175
2017/2/24,1,0,0,-0.013909275,0.001464676,-0.0020111,-0.1,-0.784,-0.026711707,-0.007884849,-0.3666,-0.380675
2017/3/3,1,0,0,-0.003242841,-0.034742967,0.0007865,0.05,-0.579,-0.021458795,0.004591122,-0.594675,-0.326975
2017/3/10,0,0,1,-0.01054241,-0.017940328,0.0030526,0.1,-0.527,0.003912122,0.010081423,-0.752475,-0.1208
2017/3/17,0,1,0,-0.013511571,-0.000853494,0.0040068,-0.1,-0.597,-0.028588857,-0.036079339,-0.4406,0.0901
2017/3/24,1,0,0,-0.006374763,0.008542235,0.0066462,0,-0.684,-0.018048432,-0.024554335,-0.787625,-0.321925
2017/3/31,1,0,0,-0.00080654,0.040492556,0.0037756,-0.03,-0.937,-0.002860216,0.074689187,-0.768925,-0.53785
2017/4/7,0,0,1,0.015006421,-0.004571071,0.0022822,0.04,-0.826,-0.004376744,0.024224103,-0.513525,0.57195
2017/4/14,1,0,0,0.020405581,0.005802982,0.0001978,-0.03,-0.75,-0.008976103,-0.024827806,-0.37595,0.820825
2017/4/21,0,0,1,0.002143224,-0.019685101,0.0005131,-0.01,-0.612,0.014246611,-0.025390892,-0.28555,0.354425
2017/4/28,0,0,1,-0.008254092,-0.00936234,-0.0067117,-0.07,-0.6,-0.000756484,0.017914896,0.1437,-0.144325
2017/5/5,1,0,0,0.003689116,-0.00616638,-0.0075723,-0.01,-0.541,0.007702479,0.002368156,0.139775,-0.061625
2017/5/12,1,0,0,0.015767605,0.000939606,-0.0089531,0,-0.458,-0.010027461,-0.00527548,0.28325,-0.00285
2017/5/19,1,0,0,0.005436493,-0.001116758,-0.0094525,-0.09,-0.42,-0.006181195,-0.011265117,0.0354,0.0282
2017/5/26,1,0,0,0.022880192,-0.017077953,-0.0076892,-0.06,-0.183,-0.012574997,-0.028129417,-0.1325,-0.085925
2017/6/2,0,0,1,0.003025513,-0.003824407,-0.011848,-0.11,-0.142,0.007705563,-0.006440556,-0.3235,-0.463875
2017/6/9,1,0,0,-0.025385098,-0.00195264,-0.0086181,0.02,-0.28,-0.028696983,0.00884054,-0.081775,-0.408025
2017/6/16,0,1,0,-0.037626276,0.013032016,-0.0082491,-0.05,-0.575,-0.015458315,-0.011474778,-0.514175,-0.12745
2017/6/23,0,1,0,-0.063108638,-0.001031113,-0.0065412,-0.01,-0.918,0.004000273,0.007580064,-0.61125,-0.154625
2017/6/30,0,1,0,0.005534557,0.012402517,-0.0062629,0.02,-0.965,0.005137498,0.00991993,-0.313275,0.065375
2017/7/7,1,0,0,0.00876436,0.002540741,-0.0051573,0.04,-0.935,-0.002685678,0.022140344,-0.07305,0.198125
2017/7/14,1,0,0,0.008250951,-0.013010492,-0.0050868,-0.17,-0.811,-0.030685122,-0.027634354,0.038075,0.44325
2017/7/21,0,0,1,0.022513859,-0.047854246,-0.0015785,-0.11,-0.399,0.003981757,-0.010278407,-0.4689,-0.014875
2017/7/28,0,1,0,-0.007191857,-0.008416641,-0.0054767,0.02,-0.389,0.005811721,0.007212172,-0.291475,-0.1885
2017/8/4,1,0,0,-0.002730413,0.003170039,-0.0007512,0.02,-0.422,0.005173102,0.030729551,-0.080525,-0.07685
2017/8/11,0,0,1,0.011528934,0.008962028,0.0008655,0.07,-0.412,-0.004327647,0.000289949,0.117425,0.357825
2017/8/18,0,0,1,0.000110477,-0.012048605,0.0028987,0.02,-0.341,-0.007982324,-0.02446488,0.111075,0.3612
2017/8/25,1,0,0,-0.006278076,-0.015434986,0.0043819,-0.08,-0.286,-0.006554206,-0.011542088,-0.07735,-0.056925
2017/9/1,0,1,0,0.00490968,-0.014339755,0.0023593,-0.06,-0.178,0.010097808,-0.007577166,-0.187075,-0.2529
2017/9/8,1,0,0,-0.002949853,0.003213138,0.0026561,-0.06,-0.212,-0.006877796,-0.00191851,0.052175,-0.335275
2017/9/15,1,0,0,-0.019840976,-0.024786477,0.001019,-0.04,-0.18,-0.004022443,0.016347842,-0.03155,-0.217875
2017/9/22,0,1,0,-0.021827306,0.003703906,-0.0024452,0.03,-0.316,0.003553842,0.006099821,-0.052075,0.1447
2017/9/29,0,1,0,0.008736741,-0.001036175,-0.0055224,0.04,-0.265,0.027078017,0.021728222,0.045125,0.240425
2017/10/6,0,0,1,0.021929908,0.026149619,-0.0068514,-0.01,-0.294,0.013637447,0.01267106,0.52165,0.48965
2017/10/13,0,0,1,0.034630496,-0.012927824,-0.0100696,-0.06,-0.036,0.019045344,-0.036655141,0.6874,0.523375
2017/10/20,0,1,0,-0.020505958,0.007114497,-0.0080607,0.03,-0.189,0.003184832,0.02680073,0.86345,-0.160975
2017/10/27,0,1,0,0.010670704,0.043848226,-0.0116376,0.05,-0.377,0.005957007,0.031738621,0.636125,0.18765
2017/11/3,0,1,0,-0.016439858,0.023583696,-0.0081002,-0.05,-0.605,0.002410462,0.00736113,0.45985,0.548625
2017/11/10,1,0,0,-0.00345436,0.029952417,-0.0063171,0.05,-0.803,-0.006517506,0.009592484,0.310425,0.533125
2017/11/17,0,0,1,-0.000409996,-0.022726904,-0.0029342,-0.05,-0.665,-0.01094351,-0.027872634,0.040725,0.56735
2017/11/24,0,0,1,-0.008762608,0.002653972,-0.001215,-0.12,-0.728,-0.0205509,0.010269913,-0.1913,-0.089175
2017/12/1,1,0,0,-0.001636353,-0.027743312,0.0001894,-0.08,-0.569,0.00264368,-0.031256467,-0.5313,-0.0172
2017/12/8,1,0,0,0.007629992,-0.000765697,0.001791,0.05,-0.524,0.014485392,-0.006177141,-0.311625,-0.451475
2017/12/15,0,1,0,0.045003272,-0.023380162,0.0018454,-0.07,-0.146,0.008712962,-0.043708055,0.12675,-0.400775
2017/12/22,0,0,1,0.02866242,-0.069012415,0.0023603,0.03,0.41,0.031509565,-0.038297752,0.358175,-0.79085
2017/12/29,0,1,0,-0.007548614,0.013597033,5.16E-05,-0.08,0.294,-0.005931541,-0.020176513,0.940425,-1.044625
2018/1/5,0,0,1,-0.029600421,-0.026589061,0.0012914,-0.13,0.269,-0.02589186,-0.006822978,0.55155,-0.8987
2018/1/12,0,1,0,-0.016019216,-0.000702341,0.0003878,-0.12,0.184,-0.008656023,0.003284075,-0.184575,-0.6307
2018/1/19,0,0,1,-0.011581382,-0.036870299,0.0047414,-0.04,0.315,-0.022486466,-0.014941093,-0.3893,-0.2371
2018/1/26,1,0,0,-0.022579986,-0.027927342,0.0018814,-0.19,0.335,-0.008947737,-0.028847194,-0.771,-0.2245
2018/2/2,0,0,1,0.001329863,0.001014466,0.0052078,0.28,0.337,0.004591904,0.017747051,-0.637575,-0.45215
2018/2/9,0,0,1,0.062439524,0.00508746,0.0082097,0.38,0.641,0.004475073,-0.008899806,-0.24055,-0.096725
2018/2/16,0,1,0,-0.039340691,-0.083346777,0.0120344,-0.26,0.834,-0.01060111,-0.034774827,0.01125,-0.134825
2018/2/23,1,0,0,-0.014964216,-0.031569684,0.0098032,0.03,0.897,0.000483017,-0.004243208,-0.080325,-0.438875
2018/3/2,0,0,1,0.01041706,0.026851431,0.011043,0.16,0.834,0.013196383,0.029963895,-0.023125,-0.325625
2018/3/9,1,0,0,-0.018340742,-0.02504314,0.0112031,-0.17,0.849,-0.011899447,-0.010242148,0.228775,0.11455
2018/3/16,0,0,1,-0.009874429,0.007510778,0.0096364,0.08,0.764,0.002627996,0.012432029,-0.029725,0.04685
2018/3/23,1,0,0,-0.014200342,-0.0024549,0.0089345,0.3,0.701,-0.009817917,-0.020278545,0.0594,0.252075
2018/3/30,1,0,0,-0.018771198,0.020477739,0.0057008,-0.16,0.514,-0.019827674,0.006879993,-0.1465,-0.071
2018/4/6,1,0,0,-0.008939391,0.024115578,0.002196,0.09,0.36,0.004910591,0.015112244,-0.48355,-0.024525
2018/4/13,0,0,1,-0.015334042,-0.010909719,-0.0017382,-0.12,0.334,-0.014596488,0.002357415,-0.214825,0.188275
2018/4/20,0,0,1,-0.011135087,-0.023086668,-0.0032575,0.1,0.385,0.025302429,0.00172137,-0.3769,0.173875
2018/4/27,0,0,1,-0.015748194,0.026941221,-0.0105519,0.07,0.188,0.003355168,0.017163445,0.26955,0.184
2018/5/4,0,0,1,0.011273321,0.025886092,-0.0081845,0.12,0.123,0.033650977,0.012717465,0.351575,0.31585
2018/5/11,0,0,1,0.012409257,-0.01612869,-0.0081989,-0.13,0.259,0.006754022,-0.020473621,0.90215,0.3634
2018/5/18,1,0,0,0.035790893,0.045555532,-0.0071453,0.16,0.223,0.025615321,0.039565495,0.8101,0.00535
2018/5/25,0,0,1,-0.01855906,-0.011986054,-0.0047421,-0.06,0.187,-0.022035041,-0.021723888,0.992975,0.4659
2018/6/1,1,0,0,0.044049676,0.03992316,-0.0006664,0.01,0.215,0.018863104,0.013869363,0.22805,0.0392
2018/6/8,1,0,0,0.0030604,0.024676733,0.0028625,-0.04,0.108,0.016212309,0.028529192,0.3914,0.1826
2018/6/15,0,0,1,0.027555504,0.005016362,0.0028243,0.08,0.226,0.015353438,0.026513172,0.574875,0.5147
2018/6/22,0,0,1,-0.028964126,-0.024196221,0.0046343,0.08,0.195,-0.031382315,-0.000402145,0.695375,0.675175
2018/6/29,0,0,1,-0.006923343,-0.001198849,0.0034955,0.07,0.165,-0.006332534,0.020309866,-0.08815,0.515175
2018/7/6,0,1,0,-0.020198304,-0.0316676,0.0023117,-0.14,0.219,-0.045620558,-0.019526381,-0.309225,0.569
2018/7/13,1,0,0,-0.000691768,0.007747134,-0.0010177,-0.07,0.178,-0.009005149,-0.015831426,-1.1678,0.056725
2018/7/20,1,0,0,0.000375791,-0.003095531,-0.0033873,0.05,0.195,0.005832213,0.008978357,-1.005625,-0.243925
2018/7/27,0,0,1,0.013582712,-0.032758231,-0.0084138,-0.06,0.423,-0.022088953,-0.018386026,-0.43965,-0.072325
2018/8/3,0,1,0,-0.017711544,0.029169147,-0.0081619,-0.02,0.195,-0.004757702,0.010482134,-0.58605,-0.296075
2018/8/10,1,0,0,0.007943127,0.041108908,-0.0093873,0.09,0.036,0.017452674,0.0553132,-0.334475,-0.0072
2018/8/17,1,0,0,0.028429016,0.009186872,-0.009855,-0.05,0.134,-0.002155945,0.036984764,0.13335,0.800425
2018/8/24,0,0,1,-0.010210532,-0.027388372,-0.0080097,-0.06,0.22,-6.62E-05,-0.02790273,0.109275,1.13995
2018/8/31,0,1,0,0.0136061,0.018254225,-0.0077938,0,0.2,0.007988429,0.029405341,0.162975,0.441675
2018/9/7,1,0,0,0.00122205,0.008020488,-0.0052508,0.13,0.166,0.010971813,0.035643551,0.266575,0.61295
2018/9/14,1,0,0,-0.019872223,-0.012250123,-0.0030515,-0.1,0.124,-0.02360741,-0.021084409,0.368525,0.819825
2018/9/21,0,1,0,0.000155663,-0.024564832,-0.0011402,-0.05,0.248,-0.004301464,-0.042741314,-0.1623,0.229725
2018/9/28,1,0,0,-0.04414311,-0.02757507,0.0003218,0.05,0.156,-0.006975095,-0.013582313,-0.22195,-0.455525
2018/10/5,1,0,0,0.019294961,-0.027369041,0.002354,0.17,0.381,0.00459056,0.042454717,-0.31175,-0.653425
2018/10/12,1,0,0,0.009624601,-0.043829695,0.0028588,0.19,0.632,0.000811109,-0.017961752,-0.113775,0.110375
2018/10/19,1,0,0,0.005735533,-0.096288595,0.006705,0.09,1.087,0.021115736,-0.008098274,0.0448,-0.0225
2018/10/26,1,0,0,0.053409895,-0.043119404,0.0051716,0.22,1.531,0.002974925,0.011896323,0.474825,-0.023225
2018/11/2,1,0,0,0.051859319,-0.04788541,0.0060013,-0.04,1.992,0.032034107,-0.021560109,0.439525,0.138925
2018/11/9,0,1,0,-0.005625954,-0.015565805,0.0072321,-0.09,2.017,0.004934319,0.003302464,0.932075,-0.2762
2018/11/16,1,0,0,0.020578629,-0.000752949,0.0088441,0.1,2.135,0.000356258,-0.026507508,0.7569,-0.099625
2018/11/23,0,0,1,-0.000104928,-0.062402322,0.0124728,0.23,2.358,0.010626841,-0.010344177,0.4681,-0.42475
2018/11/30,1,0,0,0.004180076,0.030330992,0.0139251,-0.2,2.28,-0.00306751,-0.000165949,0.486625,-0.45165
2018/12/7,0,0,1,0.038073674,0.004506717,0.0155395,0.16,2.483,-0.006340393,0.020219722,0.186025,-0.25785
2018/12/14,1,0,0,-0.022835187,0.009461908,0.0162772,0.07,2.314,-0.002098655,0.01541262,-0.00855,0.143825
2018/12/21,0,0,1,0.01770261,-0.02988604,0.0147814,0.37,2.522,-0.015372728,0.016032753,-0.062575,0.426
2018/12/28,0,1,0,0.011776417,0.014037767,0.0090991,-0.14,2.544,-0.014932263,-0.015242257,-0.378775,0.56975
2019/1/4,0,1,0,-0.01710884,0.01343798,0.0041855,-0.15,2.395,-0.013164452,-0.033664815,-0.542175,0.1643
2019/1/11,1,0,0,-0.005954906,0.038550567,-0.0035673,-0.18,2.225,-0.015189036,-0.009771971,-0.60665,-0.4447
2019/1/18,1,0,0,-0.019132305,0.260552529,-0.0075804,-0.1,1.166,-0.003524221,-0.000289049,-0.66875,-0.51925
2019/1/25,1,0,0,-0.025125716,-0.023007575,-0.0167396,-0.04,1.127,-0.006819832,-0.017468393,-0.442075,-0.372475
2019/2/1,1,0,0,0.021668124,0.018187099,-0.0191671,-0.11,1.167,0.005119145,-0.022611874,-0.341775,-0.4024
2019/2/8,0,1,0,-0.003860869,0.011827697,-0.0194104,0.02,1.091,-0.002620478,0.021471555,-0.056225,-0.493225
2019/2/15,1,0,0,-0.003174325,0.008870093,-0.0175905,-0.08,1.032,0.007972538,0.032118368,-0.0068,-0.033625
2019/2/22,0,1,0,-0.012350675,-0.032072916,-0.0145282,-0.05,1.111,-0.006694531,-0.00659076,0.184625,0.476975
2019/3/1,0,1,0,-0.030158363,0.009705288,-0.011487,0.05,0.898,0.005470832,0.015465395,0.03935,0.337675
2019/3/8,1,0,0,0.013518478,0.017948267,-0.0057735,0.13,0.89,0.01026296,0.013818833,0.126675,0.47185
2019/3/15,1,0,0,-0.005581733,0.003932584,-0.0020318,-0.19,0.841,-0.015813019,-0.003441031,0.3063,0.4553
2019/3/22,0,0,1,-0.007982213,0.033403642,0.0018322,-0.02,0.642,-0.007136954,0.005850379,-0.081875,0.21385
2019/3/29,0,0,1,0.006172613,-0.025076019,-0.000488,-0.05,0.796,0.01628937,-0.000614083,-0.186825,0.2301
2019/4/5,0,1,0,-0.001880592,-0.027195044,0.0016419,-0.09,0.913,-0.019597145,-0.02939083,0.161775,0.109325
2019/4/12,1,0,0,-0.00440851,-0.014076465,-0.0012141,-0.07,0.953,-0.017931758,-0.009818786,-0.23305,-0.3667
2019/4/19,1,0,0,0.009958476,-0.000623664,0.0013613,0.04,1.01,0.000775517,0.005704449,-0.445775,-0.4066
2019/4/26,1,0,0,0.028944113,0.022309887,-0.0057184,-0.04,1.069,0.006672632,0.022483762,-0.296425,-0.20475
2019/5/3,1,0,0,-0.009706678,-0.033552072,-0.0022688,0.01,1.168,-0.002126794,-0.003640658,-0.0734,0.236475
2019/5/10,1,0,0,0.018907338,-0.011301602,-0.0008295,0.14,1.324,0.008534094,-0.014295331,0.030625,0.22365
2019/5/17,0,0,1,0.01541993,0.021903306,0.0019103,0.07,1.316,0.002291443,0.017994292,0.25315,-0.03275
2019/5/24,1,0,0,0.000345131,-0.009377302,0.004154,0.05,1.36,-0.007357541,-0.002108974,0.23205,0.1891
2019/5/31,1,0,0,0.054339388,0.058824855,0.0039429,0.13,1.414,0.027995607,0.010725037,0.019075,0.078725
2019/6/7,0,1,0,0.010585906,0.004193363,0.006511,-0.28,1.459,-0.001031552,0.024243694,0.5554,0.242075
2019/6/14,0,0,1,-0.019282453,-0.001505003,0.0050674,0,1.347,-0.025169622,-0.009590031,0.385,0.556075
2019/6/21,0,1,0,0.002921998,-0.010678272,0.0053278,-0.23,1.415,-0.002718416,-0.034350659,-0.2098,0.228625
2019/6/28,0,0,1,-0.005119173,-0.016115188,0.0010835,-0.03,1.459,0.003995146,-0.018318651,-0.23635,-0.356825
2019/7/5,0,0,1,-0.019423901,-0.011864518,0.0014022,-0.03,1.396,-0.012010726,0.005472367,-0.15615,-0.5852
2019/7/12,1,0,0,-0.00367827,-0.019378904,-0.0012696,-0.01,1.462,-0.002511631,-0.016292437,-0.26515,-0.37215
2019/7/19,1,0,0,-0.008840116,-0.002520876,0.0022933,0.05,1.421,0.001000053,-0.002603692,-0.139925,-0.395125
2019/7/26,1,0,0,-0.007449553,0.027167904,0.0008224,-0.05,1.257,-0.000116924,0.024615951,-0.0576,-0.2037
2019/8/2,1,0,0,0.029109501,0.13292766,0.0025942,0.13,0.821,0.012068361,0.032835628,-0.0142,0.2559
2019/8/9,1,0,0,-0.012010304,0.001008299,0.0074344,0.02,0.744,0.004372846,0.030237007,0.282925,0.6936
2019/8/16,0,0,1,-0.014678992,0.028145824,0.0113146,0.01,0.512,0.011396033,0.002579768,0.3196,1.00875
2019/8/23,1,0,0,-0.012698249,-0.039169508,0.0131718,0.08,0.646,0.011996675,-0.004656121,0.45985,0.738275
2019/8/30,0,1,0,0.024226391,0.002196165,0.010798,-0.1,0.774,0.005796169,-0.004554739,0.565,0.339575
2019/9/6,0,1,0,-0.018385726,0.003873997,0.0122607,-0.11,0.646,-0.02794248,-0.026913017,0.488225,0.0469
2019/9/13,1,0,0,-0.05984282,-0.043404537,0.00822,0.1,0.523,-0.007600848,-0.016446563,-0.232025,-0.44595
2019/9/20,1,0,0,-0.005542155,0.026466453,0.0072891,-0.05,0.363,0.000849882,0.023200883,-0.388,-0.55995
2019/9/27,0,0,1,-0.038603962,0.008435887,0.0022445,0.07,0.112,0.011313149,0.011880932,-0.283875,-0.02225
2019/10/4,1,0,0,0.037149735,0.038165535,0.0001058,-0.02,0.111,-0.010157243,-0.006047002,0.07945,0.2489
2019/10/11,0,1,0,-0.033015189,-0.034657971,-0.0036557,0.02,0.116,-0.011143246,-0.019375095,-0.0046,0.188975
2019/10/18,1,0,0,-0.007335433,0.002906748,-0.0048271,-0.07,0.063,-0.012641287,0.000108281,-0.194275,-0.147425
2019/10/25,0,1,0,-0.030757922,-0.010574965,-0.0117582,-0.05,-0.042,-0.003078079,-0.012093658,-0.393775,-0.181175
2019/11/1,1,0,0,0.0456251,0.027234582,-0.0132429,-0.13,0.049,0.002132103,0.02674003,-0.34395,-0.309275
2019/11/8,0,0,1,-0.058255392,-0.026435453,-0.0129702,0.06,-0.119,-0.00227722,-0.013274842,-0.125425,0.226375
